Product_id,Selling_Price
SCHE4YSTDVPVZVXW,3222.652
ACCEGCATKHNRXUHW,2162.6323
NKCE6GJ5XVJDXNNZ,12025.029
NKCEB8BK3ZXDHDHM,9855.031
TOPEFDXSAHRNPF94,5677.2744
ACCE558KZHEPZYMG,10399.115
ACCEAZCVAMFHDPY7,5258.2573
NKCDYNY37JPBGBVM,2486.0413
NKCEY8KWY33FCUYD,7463.391
RNGE4YPTQYRECV9J,4663.156
NKCE88AHBHJZREXH,3786.9092
CLTEJ5ZZGBP4JGGE,7873.52
WATE3NWH5FZWAMDA,8358.826
CAGE53FSFZVFPFHQ,1972.3138
PCSEAKVBFFPGCHNZ,3789.6267
WATDFFH3KJYBTYGG,7214.0034
NKCDWHFQSCHHYZMP,2638.9263
RNGEB2PG3Q5RKDW6,3394.1519
NKCE5UY9HHPZGGUZ,4493.421
KTAEHETW3ZCMFMJR,4143.1826
BRAEBBYRVF9MHJHU,7799.972
NKCEAX7HAQ2RJA3Q,10416.116
CRTECN2RQZWBSP9W,5059.8794
WATDEWZ9UHSEHGZG,10875.937
PTPEYW8HNV6G9YYR,2750.6165
ACCEAMGZRRYVAHDC,5224.937
SRTEHHXG8MUXTGPA,6177.8755
SKIE4S4NN4MHYM3Z,5054.006
HMBE7G34YHWPWKYN,7223.1274
LLIEGTMFJBD7ZZZM,11305.165
ACCEJGH6JVTM4CBH,805.6618
ACCDQDYBXJ9HZF37,10215.668
RNGE88FRGZCXNKUG,597.844
NKCE7M3QNNPZDXHQ,10450.119
VLBEGFFDP9H6WG2T,3456.8372
TOPEAFG4YEQSH5TT,2431.0857
WATEYAP3K2QQQWDH,5317.6055
PCSEBDFUFJWGARNX,11484.788
SWTEGXQFZY95SKG7,4872.908
BRAEGJFXSM9ZQ6SK,6534.413
CAGE6FYKP34GA4GF,7698.812
HMBEJCMH78VJF3M8,4461.33
HIFEB7J3GSTVN5XJ,10974.955
PBXE6ZHNGZREWWHR,4694.9526
PCSEAKVBNXFGZBKB,6829.521
BRAEBBMQQNZ9RZWR,5814.088
ACCEGKFCXHZZH44S,709.21545
SHODXQRRGKZ74U9M,4318.886
DREE2Y6DVEKVVQQS,4660.5293
PBXE8ZHHG5Y525BT,6863.811
CTTEH9FXZHGFKUA3,8107.2715
ACCDXFZXGQTBTM6N,3476.3943
NKCE9PFF3TT4KSQJ,7841.648
BRAE6NZAZK77HXZK,1202.0668
NKCE4TV42BHDP63U,3392.7698
AIREDGGD9RJPZGYW,5515.404
PCSEDAPMHR2HNHWP,8578.438
PACE95FMAFXHZB5C,4491.1685
WATDG4KP445AV5XC,12758.887
ACCE9EYRRNZYZUBG,458.2051
ACCE8XZMAHNC8JVS,692.8429
SHOED5DCSTQKZCGF,3774.1646
NKCE64Z4NGBHNAY7,3491.1426
PBXE8WQTZ5GA2YYQ,1016.65094
MUGEGZUMGYAPVSZH,4695.067
PBXE4RB3Y3GXWPFV,754.2738
PCSE2ZFDJJGFNHC7,756.83545
CRTECN2QT5HKHZ8F,4841.913
MUGEACY8Q7ZYSTN8,1919.308
ACCEGG9VGRMQGHRD,7220.4966
PCSE76X48PVSDDVK,1432.5167
PBXE6677X2D6UFZZ,5772.6616
WCKEGGGD2TXHHTJC,401.33554
NKCE7MMGF4PPGNA6,2791.3
CRTECN2QYTPHK5YQ,4997.361
OIDEJFCWMMR6JQBE,5608.195
WATE5HFY4MJX6CHD,5372.7393
DREE4FC4TAR8M5GN,1714.891
HACEGPF9DZVUZBFY,8297.504
PBXE4Q7YF5KUYJYW,11650.508
SHIED9YEH65NSA8N,10220.173
WATDHMQJ68MVBRFV,12587.6
HMBEGWTFEV4TF2RH,3108.8145
SHIE2FH7YTVDHFGT,2937.1848
CRTECN2QYRY2KWZF,4410.318
TSHEDJXPN4HNT2UP,6036.862
SHOECZH5WGBZHZES,2501.6028
NKCEDCT9MSAYG6H5,5388.5054
SOCEGGVYBTZPKXVP,4790.4126
PBXECARAQBCDSAZW,3256.135
CAGDU85YDHP9ZJH7,2349.8523
TCVEHSMFEGNCAGYN,4957.866
RNGEDAPFZ2GKRUER,1103.3661
CAGDY9Q7HSNDHGFC,3793.6074
NKCECKHYZVHBQU9F,625.874
NKCDQSVCRH8W73GF,6712.019
WATD9H76RKGUUZHY,12554.408
NKCE5HYVDQVATMKF,2056.8884
RNGE9GWMKVHGEYZG,4203.4097
SHOEAGUMMWFABHUT,3279.6968
SWDEGZMPYQGNEBHG,5180.43
TOPEFDXSHZPHCUAU,9035.975
CAGDU85Y85GDJGUD,1733.003
CAGE4BQXK3FSTRRS,3151.0107
CAGDZVGTV3SMMMBY,5238.779
BEOEGXRVQPCKJHYC,3464.137
NKCE9YFBBYBM88DR,3122.5737
DREECZGZVWGQM23M,4348.737
PBXECYF3YHWYG4UN,336.46933
WATEBG8FGBPUPKCV,5001.2046
SHIEEJG9RRDUH9XG,3167.5383
CRTECN2QXAPEWXSF,2503.1985
BRAEE6YMSYPNCUX3,1877.1755
WATE9MVXJXHZHEJU,3241.7932
RNGDREYRQQGZAPQM,5597.8857
CTPEGGFSNDQFAAVE,3337.7468
NKCEF2RFAPHSHZZZ,3999.7483
TOPDYAZZG5NU7ZBZ,7250.5146
PBXE7QPWMSS5XGPZ,319.4175
PCSECV3FHFAQ9T36,12138.334
CRNEJB4NBT9BTM84,5255.606
TSHEHU5RFJCTJKBV,6977.6245
DREECZJC3XBKGDZT,5577.8804
SUDEGGATGYXA9YBC,11737.418
BRAE8WYHTVZMFFHS,5673.585
SFFEGZBXTYFSYJQA,4207.0034
ACCEABVYXNHCT8UE,5474.8975
BWLE6SJE9PXGV6DD,1047.0427
NKCDYQ3RHYREHHYV,3792.9797
NKCECDCRWDMZEH2Z,2872.119
SRTEH2F6HUZMQ6SJ,7244.476
BRAE6KWFGZFXKPPB,3357.8308
HACEJQY5FQRZZUGM,8394.244
CAGEYUXVF2FNARKD,3043.2673
NKCE7M3QTHTCGVVF,4168.0664
TOPE8PBFNH9YNHFK,4940.6245
BRAEDQFRZS9QFYTQ,1904.065
HMBEJCMMQR2JHFVP,2066.5698
ACCDRFVG52PHVRSK,7408.6743
NKCE7MBR4QRBASDQ,3059.0464
NKCDWBPZNZU5K2QZ,3355.485
BRAE8HMQATXFHFGZ,3478.0671
MUGEAGGKEGCPWWPN,3495.9746
BKPEGXYWWJPETZZA,5287.1685
SGLEGBV6ZNUJNJS9,5849.201
CAGEYUXVAKNKDUUV,6531.773
NKCEDH9ANZGDAUWG,2934.6013
NKCE5EHJHS38BUWB,3403.597
PBXE9YWGRFUQXHQH,12025.4375
SHIE3QDHP5RDGMZY,2609.3733
RNGE9HDVMPVBYPGJ,3292.4897
SCHE4YSTCUUSJWCK,2066.949
SNDEGGTV9XERMGHH,6875.5757
PBXE92XFUMB7QWY6,8682.149
CRTECN2QYK2R2PUS,4076.6663
TOPEEEPVYHHF9HGW,3396.0369
MUGE8F5RDEYMH4YH,3815.155
NKCE52CSJ2GUY64G,1423.0957
SHOE2K68QHZ3DWZF,3736.597
DREE9YJHZZHWHAU7,4010.665
NKCEACYSHS4MGKGY,11749.1875
CAGECT64KH6CZVMR,12216.999
WATD9H76RG5FQT5Y,13072.057
NKCE5UY97ACC9QAZ,532.0819
LJGEG6UPBW8GKPRD,4591.1226
PBXEBFGFRM5797BZ,4593.113
RNGEAY8GRWYMYSAK,5155.1655
SHOEF9G8WTWGAAFB,3591.6812
PBXE5ZJZSAC73ZED,8800.091
NKCEYYX9HJWJXAA8,3503.0876
CAGDTFSHTF6TRBFZ,4502.1167
PBXE6E6YDZDNVKQH,1890.7567
TROEGNQDQNGN99PJ,4394.3228
CRTECN2QXC68CTUM,6336.6763
CRTECN2QZNXTGGXG,5271.849
VANE4VND2XHZRCNT,1068.4277
NKCE8SESMHF2VSRM,3708.6208
SHOEBYY4ZDWGQGEW,8024.2886
NKCEB7935AJSADGR,3916.9036
SHIEBAXYS3FUTX8Z,6456.9854
NKCE2YCPKAPWDH8C,2769.8843
FABE92NVHZHSFHGT,3267.0881
SHIE93YGTRAV6XTW,5698.803
CSOEGTPR39XZHZJY,5028.091
WATE5HFYHPFHRCHY,5028.779
BRAEBHCHY6VVRNRQ,2011.9623
NKCE5QPMUZRQFDAZ,2030.7958
NKCE9ABEE5HDWZSM,5784.062
SHOEJCZ28JFRY9RR,5770.526
PSLEAVTQQXEXZYYZ,4905.034
SHOE66V8UMNGZKYM,1424.1434
SHIE5HBGWKWJWFRA,3720.027
TOPE4HXDZHPR9K2C,1775.734
BRAEBCTWGWYRWXHC,5521.338
TOPE6ZCJBVZY3HBH,5129.5737
CRNEG7BKMFFYHQ8Z,4785.6196
SHOE7DJBEPYGQPHF,3726.6555
ACCEHY86UG6B63AZ,4816.6606
BLBEJR23J2CTPFAU,6276.0137
ACCEEV5V5VD5DR9C,993.7838
UMBEJZFHE285UEV2,6001.5186
SHOEBN3FFYG75P3D,2928.9604
NKCEFGFURYNWH2DR,3944.678
ETHEJG7NW4M4AFCZ,6661.475
SWSE9UH4KXCHZHRJ,3318.7405
CRTECN2QZ7XUGBR6,4248.204
BRAEDNX2NHZX5PKN,9420.199
BRAE73KFJGNSP2NP,1936.3759
MAHEDFPZVKF79JVQ,4053.5564
NKCECRQY6MGHBPQ3,8799.996
CRTECN2QYYWUXHRP,3049.9333
CPCEKY4TKBYFE7PH,5612.5137
TOPEA8HNSZB8VGUR,2463.5776
TOPECJZ4ZDXQZB4A,5312.664
SHIE92XGJHG4HH5E,6170.0938
CRTECN2QVSZXUG7X,5037.288
BRAEBBYRUSRHZD34,7445.0786
IFPEE76BG92E5SVS,5783.894
CAGEBZ7UGCZZHVTE,295.35727
CAGE3GFTPMNXPZAG,807.0812
SWTEDX3KRCTNHUGY,5736.313
BBAEFKXVXVM8SYZW,6910.466
PENEGZ6RHFWHX7JX,1813.6765
ETHEGFZFQT7ZCH3U,2873.827
TOPEE2FFAXQGSUZH,5290.6885
CRTECN2QWAGCHYGC,3918.6287
SNDEJGWQSWNHXXA3,10694.27
BHGEGTAVKNNCPUGG,12537.1
BBAEGNUNHHZEYSPD,415.52798
NKCEANMPZYMHYEA3,423.13403
RNGE88Q9FH632SHU,1480.0349
SNDE7PY9TG8P7YYR,1309.8386
SNDEHZQ7YZAHAZYP,4873.0615
CRTECN2RDAKXQHYH,3375.9148
SNDEAVZ4MSGYFBUD,1907.6466
RTRDWBPC23ZAYMSE,11276.046
PCSDYQEW5ZMFBVFQ,11842.464
DREECZJBH8KGCZHT,8338.76
CAGED654SQMMADH7,2006.677
MFLEYGFH8PFBVRDG,5130.3364
SHIEBWNUURZ8BWDZ,4180.5938
BRAECTFYXKNAVFAN,5860.2153
BRAECBVGHCB2FN49,4863.498
SHOEHX7CGSEMUENU,2399.542
CRTEB774NHSDW3DV,2274.368
VLBEGZ7SZFZBUGBZ,6053.3633
BRAEGJFXGYFPGHYG,4829.8706
ACCEGKG4S4B7QGGT,1964.8895
BBAECKHYXGE3VJXB,1413.5829
BBAEDVYSEN75YZZ7,6614.701
RTRDYZCGGJFBU6XM,3312.6975
CAGEBTJBB5X8GCF8,788.5093
HLUEJQ3UVGNXSPZG,7936.3237
NKCE8RB5WSWKJPFR,4033.3774
BRAEDFYYKNGBGPF3,6637.68
SHIE2CAJP6XBWPU2,3765.4736
SHOE2GUJW6XNFG3W,706.9647
TWCEJFXHGDSG5XZV,6804.523
NKCE9Z2JYUYZ2JZ3,10798.412
WATE54YZWYXR6Z7J,2364.7996
SWTEEYFFFRWGKZR5,5688.5923
NKCE6NHRGQJHWFDK,4949.1167
NKCEYM3B6ZP3YSQQ,3607.4958
PAEE8AHWJWMDAXZU,8053.178
RTRDZK8XCUEKZDFZ,635.5654
TOPEHZMHJHEMRDHY,2955.8977
NKCE9AZMPE3PJPEW,666.3396
BRAEAR7WUYD3CZAT,2572.3354
BRAEG7AYZAQBS3EH,6512.1304
BRAEDQEEYYH4WRQK,4934.526
BRAE4F8NCQJFTGEZ,5678.0186
MUGEACY87HUCUYCD,3572.69
BOTEDSEN9ZSFUUAQ,793.8226
WATE3GEYE8JQT7WM,5805.022
TOPEB96CYHMPMDKH,2595.3328
NKCE5QGT7GFDSUZK,1927.9271
VESEGZRVWZEYTVMG,7008.595
SCHE4YSTHJSYEJHJ,2861.6133
KLSEGT5ZUGR9FQXE,6385.0054
NKCE79CGHYMSS7GH,3204.1453
JEAE8CZGJ8PGGHRQ,1057.2802
SHOEC8QGWFF2VXAN,2867.8362
SHIE6G75RNDQSGUQ,2104.0989
SHODZ5YHTEHZTR3V,4189.664
ACCEKFVVZJMTYWPK,3806.5056
DRPEHGFFGQTXK3E3,2807.5986
CRGE4XJBHZGHJYGU,6961.8623
NKCE9Q93F3HJYGZT,334.3805
SNDEGJFV5J8CTGJV,9025.455
SUDEHYGUMT6UGYAR,3210.333
RNGE7M92HQECSUYG,6616.884
TOPE7ZHYDE2MKNHF,4023.1804
NKCEBHGBEABMWDKA,5498.7925
PACE7ZNHBP4FASAQ,2543.0935
NKCE7A3XXTTBHHC6,3887.6384
WCKE2TFYTHBHTP5B,5091.7383
BRAEDTPDZSCRZCYG,5634.059
SHOEBKEYSKS87GKG,3545.4817
CAGDUGFYGG2KWWK7,10672.687
SHODZDAE6FKCC8AH,541.05554
SGLEGBV5STVHGKTD,5671.681
RTREBVK9HX8XJH2T,339.15268
PCSEAKVBGC7CJQZT,10546.003
MATEB88T7MVJGSG5,5582.734
WATDJYPXKHPPNGQK,7565.427
BRAE8QNFFGWGG5MY,2031.778
NKCDWBPZZSYWKHE9,2032.7496
USGEJPQHT8YPZ7D8,3071.4434
NKCEFKBYHXQ8VVF8,492.26688
SHOE4JCEZDRSHC4S,3124.1711
ACCE9E2RT56M3GSU,4582.862
CRTECN2QXQGJ7JZD,3650.3877
TOPEBS26V3JRYSF3,763.713
NKCECZNMRRVZ9YWF,294.0582
CAGE75QCGVXYV78T,2766.5242
WATDG9F74GYWEH4U,2183.6316
BRAE3WVQPYSZ54FF,6998.6675
SWSEBHCP9JC4GQKT,4553.9604
MUGEBJ7XAFVH25VD,2317.7698
LJGEATZRDCFAJGYZ,5605.812
BRAEBXRB8GFZ6HM6,4536.2227
RNGEDAPFZWSSMHYW,1547.5751
DREEHFABXP5AUZA8,5262.2134
RTRDFFYGJ4GNRSHQ,10168.549
CBREFYM9TSSUHJSQ,2699.6873
PBXE6EF4PSJX9WXH,4084.9172
CRTEHSS9UZJZYMZD,326.53012
DRPEHYHG9YYHD2HH,4497.236
CAGE9AGR4VWWTDY4,7924.0103
AVCEJCJQWBYMNPGU,2183.8325
BRAE7T3WADAJU4ZS,2202.138
TPYEGGUFSKXJFYY5,7122.1587
SUDEHYGU4GE9UCXJ,5501.4956
FABEB2TXH4MGQC2H,5192.4795
NKCE9G2BZAGKXPGY,4543.7817
TOPE8H5DJWGAY2CD,9260.302
BBAEGGF3HF3ZPBVG,1951.0032
ACCEC87TREZYJJPE,6541.225
DRPEHYHMEZHDYRK5,3786.5632
NKCE5VAAPVP5DGMZ,385.24216
NKCEBZN92EJ7PDFH,3155.7102
ACCDXFPYT58AGGAF,7049.385
MUGEGZUHX744RFEN,5594.514
RNGE8Z3KSHGCMSCP,2951.5964
SHIEYZ3F3QWMYNEC,3146.4631
SHOEJCZ2JNGJSPEJ,8171.971
CRTEB774RSGGQZ9U,3343.3274
BRAE8AJZW5QBNWAZ,2341.6628
CRTECN2QZ8CWZEFZ,5576.325
SHIE9FMZAH4U4H6Z,501.75427
CAGE68FFYRMDRF3X,9006.576
NKCE3GNVPGUYY8AZ,3292.0117
PCSE4ZQ8TRUZDMEU,1424.7189
PACEC89YGNYZCMC4,1405.12
NKCE9YX24KHRDNHG,2799.1794
FABE88MGUBPCQWR8,2383.035
ACCEH74HAGTY6W8P,866.66943
NKCECGVARVRMARSS,7105.661
CRTECN2QZXFVEPGG,4157.816
NKCEC8AZQUFGUXGH,2207.17
SHOED6C5ZGCBKTP2,2596.0088
RTRD7HN3BBE7G9YT,3478.096
ACCEA8JPDNTF7NZN,2193.9285
NKCEBHGBAFBCXXYC,1355.2103
PCSEC86VGEWVKHWZ,12214.206
SHOE3URGYEVZ55GD,2836.4802
NKCE9PFFQHU7GTU7,9837.01
CRTECN2RCH9CG4SA,5975.2437
TSHEHU5RWUGEAJFE,5366.9146
PBXE92G5YEA7JAHZ,5182.441
ACCE8XUCYRB9ATHZ,4286.155
CRTECN2QWEDYMDNQ,1420.3809
PTPEYCF7GZU2T54E,2312.075
SHOEC9FZ3BAF7ASF,4266.173
CAGE7DSFQGVEGHC8,6093.4033
SHODUMFYWTPDYNX6,5195.724
ACCE6P3BBZD72UJ6,965.5419
NKCEFG3CHGEHMRTD,2984.557
RNGEDAKBYYVCFWZP,7462.6353
TROEGZ65YHBQKG9T,5767.6016
BRAEDSKCXVNYXGA6,1941.0397
NKCE9ZVGMHZVTF2D,4777.653
WATDUKHHH4SQXDAK,5217.1206
CAGE745BJ67RZCRR,2382.7053
PCSEAKVBNSFWGBGE,1450.1929
TSHEHV9TPRUBUENE,4587.1196
SHOEY8RMVZV3UY3A,3988.8147
TOPEGWUTW6GWYSBE,2236.4197
ACCDQDYBYVQZNHCH,8795.996
MUGEBFGF6MDQGHBG,4277.2817
CAGE6HHHUHFQSAPW,372.75168
RNGE7GVYAP66GRDD,4240.218
PBXE5SUCYEBBSFXJ,10883.274
BRAEBBMQZBZHCFAJ,4418.4917
BRAEAC839PBQV9KF,1671.3335
BRAEAW9HT2EUZD3X,2164.4692
SHIE2QTSMSXF9QAH,3660.3901
RTRD6FYYWFHEYJYE,5288.728
CAGEFPY9ZSFFNVAW,10502.766
ACCEGKTSGJEEVTZ4,887.40857
AIREDJCGZN2HKZHJ,3067.6096
BRAEA5MZ8VZHNGGH,7727.7593
CRTECN2QX53WHTKZ,2639.9944
JWSEBCY4HDWGJZBT,1551.6934
BRAEB2ZTVYY3UKWA,1978.7413
WATDZMBRPYAYTP4G,7560.394
TOPE7WAUFEYYDXKG,10182.544
TSHE4DTF53HPYMU4,4066.4111
BLAEE3YXZGWWT8UD,6418.0312
RNGE7M925YCWZZRR,6895.805
BKPEGXWHXG4GZWET,1227.9971
RTRE8GJUFNETVUMZ,5378.27
SWTECXPHFVTHWJF7,10414.881
SHIECKYBNNY2BNZD,4317.4336
WATE7GP3JZMFEGZG,11775.3125
CAGE68FFHZRTSZS5,4243.8633
ACCEGYP2TMX2NUPH,5821.3726
NKCE9YFBBNJ82UVB,4293.129
HMBDRUCNJSJQRRGC,6778.0215
CAGE3GFTQ3UHZ4TC,850.56104
NKCDTAXF2EYZ7MP8,2853.6763
LJGEYSUNTPQZG4ZG,1233.9126
TOPEGF4KEGGVMSXX,5353.925
TSHECQKNFFER2ERM,3644.2263
PBXE9YWGTS7NGYKT,2241.8748
WATDZ5HGXEYDHBWD,12505.233
PRCDVFAFM2FPJBMZ,1713.7262
PTPE2F33QGYXMHGW,3985.689
KRTEJCZ4M7FD3NJS,2638.2693
NKCEAPCYFBP4UJ3V,3039.7517
CAGEBTJBRFGAUQQB,5242.427
MUGEAGGKZFYBUMP9,2465.0337
ACCEAZCVGGGWZGKU,675.8801
CRTECN2QVV7UJQNH,4980.0205
NKCDXEGWS7VWXSEJ,2700.0059
NKCDY44FMPNQHFFN,1776.2915
NKCE8JXS2AAKUGGD,3680.3076
RNGE88FRWWZECGGM,6956.7046
BRAE7GU9K3E2PWGC,331.026
VASEHU9W3N9RDPGZ,7915.3794
PCSEC86VSX45XVZS,12436.371
NKCE49ATF8BFHDVP,2103.6194
KTAEHETVCXXZRXGK,10801.144
KTAEHE9HAED4VUQB,5506.535
PACE472CMNPGQY2W,2545.617
NKCEAPCYFTHYVARD,441.5041
SHODPH4GZWVXE5RB,1206.8131
BRAEB3KBY393GUHA,10908.9
BRAEB2S8RZZRXMT3,2231.0632
PCSEAH5WWRYGEVGZ,7347.924
NKCEAVZ3C9CRDB6Z,231.00966
RTRDZTF9URF2UFPF,9970.129
CAGE6HYJDNZJVADS,4616.321
SWSEBHCPZGHMBKJY,3583.339
ACCDQGVSDZ92ZWGW,2917.7566
NKCE4CSZUZWHUTFS,459.66095
ACCEGKFHRFGN6XZB,729.29974
BRAECGQ4GW73HJFV,1131.2881
CRTECN2QXZ9ETCGB,3692.53
MUGE6A5HZUJ924WH,2440.7314
BRAEE6YMK83RB9MZ,1105.2263
TMLED6G5MJQGNZHS,4693.994
NKCEFGFUZURHNH6R,2869.9768
NKCE7ZPRQX9SBZXN,2331.577
VANE3KUFUXF2CVHU,5397.964
NKCED6EYN4ZPK9AA,8130.148
RNGEDF5HDGKZGA3T,1748.6901
ACCEAZCVVFPBJAGB,1416.1395
PBXEDCSE8CHTATYY,4559.326
TOPEFYB6HRPPCD8R,6922.731
RTRDTSBQW94HJ8VT,233.07317
NKCEYGTGJ65HSJ9Y,2284.9688
NKCEFFFPGEJSTBJP,481.74344
NKCDYASFYGXZESTM,3246.3767
NKCE6SR4H3EHXWNA,3699.7742
AUDCY8T7KPEG3ZZF,5982.512
NKCDWBPZCHZEYT7S,3286.1199
NKCDYARBFFBQYKFH,3723.9836
TOPEBZYTWUYMJXSG,5552.438
DRPEG3ZH7GJFFZDM,6527.034
SNDE6KNAQN3GFRQG,7327.0244
WFCEHYZMGJQWVVZU,5459.6475
ACCEGZ6BRBTGQWZY,4150.4507
CRTECN2QXH4N9WZS,2628.2515
PTPDZYCEDURXTYRF,2030.8666
ARPEEMC95HMYAJNH,5336.1543
SFFEGKYYDWTZTEQC,4454.6113
PCSEC86VCFQYV6QG,6397.5
BCHEHYMBZQ8ABUUY,1932.5503
RNGE87FCQJ9GRKWZ,5009.6147
NKCE5ZHWX6Z8PBFH,2091.2737
BRFEJYHNGYSX9T9D,3097.9832
TOPE7ZHYQFFHPCBX,4761.8306
CAGED6YFBH8NZQM8,725.6983
STREDF58JH3GQZF9,2653.7605
BRAEA5MZDQKHUQCT,3184.4924
MUGEBFGF6ZUHKH4C,1384.07
CRTECYY4GFDJFKBD,5077.4146
WATDZRZGZAM7HDGV,6616.6675
CRTEHSSCVTZ3DB72,936.0582
NKCDXZGUZKNYVXG9,11676.129
TOPEBN6MZNGGZEMY,11819.179
MUGEACY8VQRMM4FX,2400.0842
NKCE5UY9HQTQ8TBG,7816.325
SCHE4ZYTVE8DY5PP,3371.4858
RNGE9GWPJH9MMNWX,5702.1045
CAGE8FG3CYVFG2GM,2504.9753
SHIEHXZMQPC4GT6F,1111.1141
ACBEHDU9Z9DGZP9Z,5233.306
BRAE6KWFPZWJ2FHH,2018.433
TSHE8CAWEGE3CUPM,3661.5986
SHIE9J6PFGP9DZAH,4051.8606
CAGEYFZWNCKDDXXQ,1493.1779
JCKEEABZDWF9VU7N,7037.103
SOPEJ7SCRS3SKFGP,4404.537
WATE9MVXHMTCFZSP,859.01324
CRTECN2QXMXFUYRD,1402.2451
RNGE96Y49HCWGUGH,996.9885
BRAE9RDQYNWZBYJF,2045.4978
RTRECFHX3TDFD9SP,8158.143
BRAE59YTMB36ZVFG,8192.613
ACCEGZ6B9MYUTYST,6328.9697
SHIEF8DUHZJP8MVC,642.12463
LJGEG52SCZ5WZBKZ,4738.4565
SHTECN9HDECRYPF8,6772.598
CSKEH3JPF4EJVBSF,7596.931
BRAEBBYRYT9WDJRQ,1300.7916
SFFEGGJYFJWAV4HV,3466.389
CBKEHGUY3GEHDSFY,5585.7666
NKCE73V3DADAVHDU,3931.1033
TOPEGF6QDCGCHHXY,870.58813
RNGE3YSWFWYYHNCA,5625.751
NKCE8HSQJQBPRSGY,6486.0
CAGDU9C3QVCBMQKQ,3324.8384
BRAEDQDFMNC6MQZW,1729.0975
SHOECB92BGNGSZGZ,739.31934
DREEAVBXKQUUVJUT,4461.212
WCKE2TFYZGPGDGGV,4287.0444
CAGE9AGRUGPHV5FM,6903.4404
BRAEBB6TT8GKVG8A,2178.2437
CRTECN2QUCSMF4SX,2794.1343
BCHEHYUKDZZPZBH2,2250.9722
BRAE8JUHJB794RZY,7203.2227
BRAE4DJMZCWYGDJU,5096.4307
GLSEJGVBRQMYV7NE,7040.827
NKCE9Q93HRESPRBU,6145.7773
NKCECATQF8ZXGXJS,660.6216
ETHEJG7NHGRFGHHK,10950.355
NKCEASCZBAEB2Y63,2635.6052
ACCDSY8ERUYRYSUA,1570.1141
BRAEDH76V3J4FBWQ,6562.063
HACEGPF9FJFJQU2R,995.1178
ACCEGBTPV5PPBHVD,5733.9604
PCSEAH5WCDGS8YCZ,2477.2737
RTRDRUZCPNJ3MTAT,432.60587
PBXE68H4WBX5AFCH,3156.233
RNGEHFDYHVSR3SMH,2948.6035
DREEDR97ZHGNPWFR,5580.358
NKCE9ZGXGSETFAZU,2903.181
SWDEGU4MDSDGGJHN,1427.3121
PCSE3X2TJCZGDYYZ,12932.15
MUGEACY86QBJGTZA,4326.3804
CRTECN2QXC7HYKPG,8643.323
NKCDTAXFXWPKGZAN,548.5143
USGE9ZHVSVH9FVHP,1276.9724
TROEHQYAHGHUEXXZ,6293.1826
NKCED8SK6UNMAZST,6788.469
TUNE8XCD5NGNPDYJ,1413.906
KRTE7X8NADSVDEET,7720.9707
FABE789N7XA5E9GY,3673.7458
IRNEGYYU2ZVJQQ5T,4722.4785
ACCEH5Z2YUKYQBFP,4262.863
FABEADKAG5XYGZHK,2807.4375
BRAEDSGAUHAZHBY5,6060.774
CSKEH3JPCEGTMZFP,3864.5647
SUDEGVG6YTPMYPU4,2009.959
NKCE48ZU6EAYFSCM,2295.9646
SNDEDFE6QPNQRAXF,9512.369
SFFEGP24CR5VDNZC,7063.918
TOPEGGE5GRFUTGGB,8833.66
EMLEGMZRZGDARGR8,4045.4858
CRTECN2QVPG3DY7K,2852.3306
MUGE8VY8HZAM3ZRK,1166.2689
SNDEGAJFFK2KKKRF,4426.5693
BRAEDASWQDSYNUV3,7459.901
PCSDY5AHM2SEJM4K,6040.234
NKCECG6ZNH9NXFFH,4165.939
WATECE855W5YFE3H,2864.9639
SHODWMHHCXTD47NQ,5255.137
CRTECN2QYCZPHYHH,2769.7568
GOGEHZ5P6TWYBFXB,2499.7078
TCVEHSMY2TNTCKNC,7914.357
SFFEH2FGABYNF47W,5139.6934
MUGEAGGKZFD7ME7F,1838.7833
TOPE7QTUGVGEFKH6,3615.7283
TSHE4S26ZSFE9JTB,3251.179
MUGEGZUJBNU4Y2CH,512.0967
WATDUNJ7PGYUWDGQ,8607.936
NKCEAJKYW5CDKBEV,10129.976
PACDZUDMCHKDHGXA,3140.117
BRAE8TFHGXKFFMAQ,1816.4547
NKCE87C3JAXKXZRJ,2783.025
NKCECQYZ24MSM3ZZ,3540.4148
SNDECZJR6APCXEZ4,11508.119
TOPED9T3FXS8CP8M,5526.6387
ECIEF7MGVGZAZMGG,5105.291
SHIE7DFNYZC6YWTT,625.80457
SUDEJFBRVYEUZUDH,2920.7415
MNKEYGQMJHGZ4ZRX,1808.343
BRAE8MVUMSMBMNJS,3313.1995
NKCEBBYSAJKEEQ8K,2748.5747
SNDE9WZJJ8YXWU5Q,9554.399
CRTECN2QSXEHJHR5,4122.248
BRAE9TBZWWACJHJ8,2684.432
SHIE9FMP3RBSYMEV,7042.6714
DREE4DF4DQYMGDJV,5292.6035
NKCECZKQGZXVZ2RY,10228.123
DRPEHYHKYSXETBBJ,3844.7566
LJGE9UG8WCYXPCHA,4504.635
GLSEHFUGQRHPBV8D,718.70105
TOPE954FERN5VZYH,5023.514
TOPE7JZU5WZZVYDT,8295.778
JWSECGFU8YKHTSMU,3764.8167
RTREF3PRF3M9FMEF,3611.4763
PTPEAT32HSGZFHVY,3257.025
TSHEHU5RQSZZHSKF,5986.438
NKCE2RPCN6RCTGDG,6228.21
ACCE45UGGC7GVAVG,6454.5356
WATEBFPXFYMWJGJZ,8548.994
DRPEFZDBMRGECGZG,5181.241
TOPE2HZRFKVVTCKU,4347.917
CRTECN2QYKFNFXCZ,2134.083
PCSEC86VEVSKD5ZY,2003.2383
SGLE8YSWHJAGP3WJ,9438.57
RNGE88Q9HE9RQYEM,9106.515
CRTEA7HAFUMPQNHJ,4751.5913
TUNEB42QBZHYP57B,1628.2487
MTYEGUA2VUJ9UDGX,10354.006
PAEE8NDKHJ7ERAPT,6912.611
SCFEHDJKTM826ZRA,4427.179
RTRDFFYGKJAXPUUG,587.97266
BRAEDQDFGYCZUFEJ,1722.2008
WATDK2G2WM5XHF9S,6331.324
BRAE3P8YWVZGNYZH,5440.3916
BRAEBKJSNVGDG4DP,2760.886
MUGE7DUFGUZDQMTQ,2200.7654
BRAE7Y46JXZJHN47,6892.644
CRTECN2QVB7UDF2P,2480.6406
CAGE76FNT9D99PZK,2701.7068
MUGEAGGKHFAM4YZG,652.51666
DREECRS4EHXNA9UH,4301.9507
NKCDU4RZC2AFABJV,2963.4329
SNDECYHFHV7XHZNN,8251.123
DRPEHYHGSSEPB6HW,4812.748
MUGEGZUHVZ4Y85DV,3764.648
BRAEBBMQYHRSZ5JC,2517.8176
NKCEAPCXCP8GZG5Y,2494.423
RNGDWKZN9DSHFHYY,3348.7576
PACEB7GGJXVVDZFZ,2028.7968
BRAEDQDFSDVTSSWK,2310.698
NKCDWBPZAJH88YAZ,3173.1238
NKCEB774SNZGVYW3,679.3794
RNGE88FRA9DMA4UZ,3996.237
BDSEJJ6USEQZS3QA,1165.7526
MUGE9HRRKMGKHMRT,1418.484
NKCEAX7HH7BFTFHF,4109.5327
NKCDUYA5PQWDKMBZ,2472.4358
WATEFWP4V5ZEHZZY,3313.0095
BRAE8QNFXPTNHXKB,6831.3203
NKCDWBPZGZJNYCCS,3650.1052
BRAEDZ7TZNFQTXZA,2158.1733
CSPEGNS9GZVAGRY7,4925.9097
NKCE6XU6DA4HYYGN,3786.6716
CRTECN2QYMHJKQ3G,283.9959
LJGEATZSESZPRQX3,3391.468
CAGEBTGHSVHHWPG6,7772.0576
SOCEJZT8FMXJ8VHZ,5042.644
FLUEGKG2K93HY9TC,4018.3582
SUDEHYGVDNRHYPTW,5597.0625
NKCECZKQCFGWJ36A,2320.6445
TOPEHZNQGZJYYJHE,1089.2299
NKCECGVBWQWGZUVG,1731.4542
BRAEDUXKVAPEV9G6,7230.2065
RTRDYYTZSUUNFFUT,467.449
BRAE3WVQZZUJA4JW,5504.332
PELEGHQP8GMXYF6V,3240.6013
NKCE9YFCEG5FXMAH,3918.8313
TOPDZGV8GUEXZNUT,5229.6753
WATDZ5HGRGZG4AFT,9605.753
MUGEACY8DDWFGRUA,2218.9573
RTRE7FT9VKRGNTRR,8624.939
RNGE7M9279JQH6M2,7652.854
RNGE86J7VJNYBSHZ,3229.7283
TOPEHZSMJYWRYH8F,665.58636
BLAEE3YX3WETHSZD,6017.0103
ACCEAZCVEKWMNSEY,1481.2065
SHIEB7A6NCNJNZJD,3876.116
WATE2FAHHP3FEYG6,9639.339
TOPE9PSGHRKUCXKM,6150.34
MUGEAGGKKDAXEA36,3625.975
TOPDX9TF4PYJMX7B,3123.035
SHIE9J6PVG9ZE9M5,3940.4626
TOPDZFGCFH8AMJ4B,4738.442
RNGEA9ZXDDFHAVMZ,755.91113
PLLEHQV78ZFHTE7X,2774.2766
BRAEDTGQMXYVF7NB,1352.63
CRTECN2QVSZP8JDW,380.0237
KRTE5PEEG7YAGENZ,12085.74
NKCECGVBKYNJGZZQ,4199.3716
RNGEDAK2KK6VXQQ5,7292.7896
RTREF3PGZGTGBHT7,6463.8076
MUGEYYXFNGQ6A3FP,3769.869
SLOEBHYNHETSRBXN,5806.898
ARPEGDHSXZJSHGSN,3242.9849
NKCECPHGBUZPN2KU,5748.929
VSBEGBH9QBHT2MQF,1227.9286
BRAEB2ZTXQQTYTEP,2134.4685
PANEENEMG9NPM2QQ,710.02045
SNDEHZQ7MMN272VX,4068.9016
NKCED2ZGYAP3UKJY,6329.8945
PCSEC86VKYNCPSDK,1921.5387
PBXEBYHYS3UXVBE5,4600.689
NKCE8ZJ2PXWJQZZX,2802.3386
AIREGHYGSZKZYZBB,4176.5513
HMBEE965MNXMUSFY,6475.3228
HAREGG26JVZYCC8B,1946.7831
JEAE2KFRBNFZFWE6,3076.483
DIAEJUCFFWRXYACA,5455.7896
PCSE76X4U7MFDPUZ,11211.328
MUGEGZUHAVWFHSER,5118.2085
TCVEHSMFHCPGH9QJ,846.18555
NKCEFNPJ5M9JZJR7,2211.2087
PTGEGUP5KM48MRRW,357.03604
KRTECAVZHVTGR2YV,6767.0415
JWSE9KZTWGWKVYYH,6553.9463
PCSE95HXQE744G8Z,5381.394
DREEGZ4CUZH5CATV,4436.164
BRAEDQF7KGNJ2EEW,8783.943
PTPE4P39G9SVGHRZ,525.3015
NKCE4PZ6HYWFZUAN,403.93408
SNDEDFYPJFHXG98W,2865.76
TSHEHU5RWCQXRWF9,4589.867
CRTECN2QYVBX5Y4W,1331.9469
NKCE8HVPEPWAU2HF,2657.6753
PTGEGUZVM4X9XZWG,10611.804
BRAEDH76Q44DNY23,8560.8
INKEF7WMPUEH9G4V,3651.4417
CRTECN2QS5JJAFVP,5491.9697
SHOE2FQCE3QFC8ZM,4119.5415
TOPEEEPV4GFFSHJG,6144.1387
PACE43HF8JWNA2GY,3286.7664
PBXEAHTCHTG62WSA,3125.2188
PADEHZFJGQNSEVKC,4087.6555
BRAEDQFRZAAEWCDT,2786.906
BRAEDSKCJJUEVC6B,1778.2611
WATE8PBFZKV5BYDZ,12360.762
SNDEHYMXZTFRYZQV,6339.862
NKCDXYFHPJ4UNFPU,4036.9124
RTRECTV9PSVC8Z9Y,2047.8903
BRAEDXPFA43N8HW9,7346.358
PCSE4C9YYYYXGNFH,8152.7456
MUGEACY82SGHCHYY,5081.9116
CAGE7UCEDBWHWF48,3107.3713
ACCEDTNRADHZ35UD,1320.923
SHOECKEYFVTA6E8S,6483.266
CRTECN2QTK6FRYHR,2833.2263
NKCE7MMG7YSJCBZG,202.85951
PTPEDDXTMZKMNXHX,4316.436
ANKEGPVMFV9BJBJM,6013.514
BRAE8WPSGGK9DQHX,4071.4543
KHREH26Z6GEDTYYH,1162.4618
NKCE9YX4TREBP4UZ,676.194
SHIEHYHMWMYPDFSU,4392.2104
BRAE7KQVYF75XZRE,5446.984
TSHEHU5RHTSZSCAY,6565.4766
PAEE8EZHZFKKYMVK,6089.9727
NKCE7PZPCSNSCHWT,4098.588
CAGEBFPEVT4JFGPC,3149.521
NKCEBBYSAMV3GRMV,3089.4888
PAEEAMGFHMZW72XN,5953.7314
DRPEHYHNCZXNYFZH,1539.5565
NKCEFAG9U4ZHRHKU,3732.555
BRAE5F3KGW3JVKJH,1839.412
JWSEBUKYNF45Q8DG,4911.951
BBAEGJFRDFNK9FCH,6078.1895
SHIEBY82HGZCTH5D,3762.96
JUMEHUFGYXJYP29C,9464.241
MUGEAGGKY7DVDTYA,3703.2107
SHOEBGHJZB2UKFC4,4144.391
CRTECN2QYUDAZJ8T,2525.4644
WATDEWZ9UMDYPWYC,2293.4993
TROEGZ8QS74W4XR8,11168.102
BRAEGJFX4ZCMZHH6,883.63525
NKCECJPCUYJZZQTR,575.96576
BLAEE6KTUAEBTDKS,9277.077
MUGEACY8TXGZFHKY,419.09744
BRAE8EHTNDJHDDAD,1801.9415
NKCEBFWTTMZH9MAR,5416.743
FSEEHXHFG6KCYVVU,7226.763
WATE3YHHFFCUGZFB,4439.987
BRAEAM6PF9YRAWWQ,6864.474
DTHEHTAZPGKDZXWH,4182.6855
BRAE7V2UXPZMDHQ7,7291.154
CNBEJ9EDXWN8HQUU,3502.6213
TOPECYENWHHDGFCH,3680.49
BOLEHUEBRTVCGWMK,3709.3865
TOPE8H5DGZH8GTDC,8149.438
PAEE8G6NHEZMBWGH,8169.4077
LJGEG57E8US6WQWE,3015.4692
NKCEAVVRVBGADAHE,8921.004
SHIEFZ2GJGAHATFG,2257.7476
NKCDZJB8WUWBH49M,3290.336
HAREG4928QYXAP3E,7583.933
PBXEBQGM4J4AWAWF,5627.8237
JGTECTXNVGH5GYM5,5244.8076
SHIECPXYNJ8UHGFN,7081.5664
NKCDWBPZ42YGY39Q,1416.5533
WATD9H76N5WQYVGJ,9579.33
ACCEBWRHKPQCGJNF,4730.8535
NKCEB2S9MFVUCSQU,2240.4177
CRTECN2QVHHZ5THC,3364.5955
NKCDUEHCBEY7YZV8,1752.2091
SHOED5DCYU8HWRDH,2895.4663
ACCDQDYBKTC6G9GH,9128.856
WATECVGYJXPGREKD,505.1266
NKCE7TZG9AG6F3YB,4220.6343
PBXED6C4RKBW8SRE,453.72125
CRTECN2QXHMJ87BG,2509.0723
SNDEGFJHB7XH9YPW,810.2972
NKCEAVZ3ECSBFANG,4245.405
BRAEB9ZNSUGGSFQV,4785.0474
WATE9CFHPAEU3G4B,5137.893
NKCDYQ3RWGURBTAV,1189.2599
BRAECRHEHYDVDRTG,2145.5007
NKCED8HZ3VQRHGGF,366.46707
BKPEGUJHQSJUZBVF,534.8944
BRAECHF3WZHZBQX2,2321.4685
BRAECQGS8RZDBQXM,1970.7208
BRAEDNX2TYZYQQZ2,3738.5278
NKCEDAN8ZMVMTDMB,5312.1904
TUNEBE8ADAYHZ4PG,9016.217
BRAEDN37XKYGFKGR,8078.97
CRTECN2QYUBADBHF,3701.402
SGLEGBV6USTHRNDH,3991.5916
NKCEAPCWZTGKKMGW,3109.975
NKCDSRPAFNQEXDZG,792.8484
ACCEGNVADAYPFTER,4044.3953
SHOECP78YDYPYPSE,3578.767
NKCECKHZPB2JMPGF,11447.011
CAGE79CEHJZX52XS,3294.3655
SHOEH4FSHEDEMVTM,3437.5574
NKCE5UY9JMZP9NGF,6494.561
RNGEDAKAZXTGZNAM,5807.87
BRAE5PKZBZGYZEMH,7843.5186
WATD9H76GH2CHZ48,1442.1232
ELWEG4DCHBUNHUAD,5616.161
BRAEBBMQJ9ARUWCH,1913.9698
MUGEACY8FADKRHPW,1931.7899
SHIE53GCQDQEK7SF,6183.159
TKPEG2Z2CWU9AHXG,812.877
TOPEGGA6H622PCDF,2270.905
RNGEFP2XDHURBWYP,1281.129
WATE5HFYAAFVDZMJ,8539.311
HLUEJQ3TART8YBKJ,10211.826
BDDEH93ZEEZY7CHM,811.3198
SHOECXPMAQXZ3QPH,3878.1707
BRAE8X2ZZMYUZGGU,1956.0387
CRTECN2RCWZTMS2F,2530.5195
PHFEGJGHPSYKMHES,2108.2854
NKCEDHHPRYYZURBG,7468.9526
DSEEHETVWRX9FZDT,819.55115
TOPE7H6NJKNYWBGN,2595.2073
BRAEAM5DR9NS5XPE,4446.296
BBOEGP4HM4C5WXVC,1405.9547
TOPE7ZHZJY9AJM7H,6162.199
BRFEHWGA3B6YEWNG,2318.4739
MUGEAGGKRHSXEGCV,3559.8303
NKCE6TNZZKEGKPGA,4562.918
ACCEGH6RPWY9DHAB,6274.7026
SHIEBJH8XQ2TEASA,2069.701
GLSEHFJZGQDR9Y6Q,6329.442
ACCDQDYBDNZRPMSW,1310.5151
CRTECN2QVH5KUGW4,3849.0432
CRTEB774JMYWBRMV,4432.014
BRAEAW9HUAWTZGSH,3383.7432
BRAEGJFXJGTRFEYE,1180.4113
SHIECRX5GAVFAKJ7,2707.4524
PCSEC86VU9PMZYMP,8293.634
WATE8C5ZUTSGNEMF,2850.8088
NKCE2W3WYQZ7TCRA,1006.0193
BRAE7DRSNFESBUYT,5680.228
PBXEBSMZKB3GTTS8,8133.263
CAGE9ABAYFMUUH45,291.4736
DREE8MF7NWZUYSBV,9317.777
BRAE3WVQHJWKQZHZ,2051.3818
SHTEB5MNYHJJQGBJ,3851.0657
PAEE7A8QGN6WSYAG,11887.426
MUGEACY8QAHZFFXV,2274.1716
AVCEJCHZ2GVMBVP2,620.454
CAGEBTGG3AZRBFHE,2806.3938
TSHEGGCKYG5GGGMU,3102.3428
MUGEAGGKKZBHTBHW,2995.988
PBXE7NYSPF4FKVY6,3121.3513
ARPEEMCAMGADRCGQ,4266.2397
ACCEF3Z2XMEEJVWE,7816.003
SHOEFMRZZAXFQW4F,5516.317
TWTEHH2B5EZ4PK6U,5227.0723
WATDXFGTMYAAZYW8,3153.3462
SHIE9J6PPZ44RZDK,4643.1313
NKCED6EXHFFHUFEW,12218.049
PBXE78PHEKYZRPSC,10454.283
CAYEJFYZ6B73NUMH,135.13348
BRAE8RSAHXUVA9FQ,1783.2933
NKCE9W4ZNQGHCENM,1238.2579
SHTEDWHGGHUZZTMZ,1360.5823
NKCE7ZPRDS6PZTAA,2219.4768
SWTEDVZZ92PX48ZY,5208.7974
PCSEC86VZVTTBKJE,8138.4595
TKPDS6ZEWH4KF3SJ,7463.4185
NKCE2B57DXAZBYER,2291.698
MUGE6A5HP6TG9YCQ,2105.7908
BRAEB2S8SVFDT9HA,3279.2607
FABE88MH9NNKPM4H,3562.5723
WBTDMEZTUWBPD5DM,4171.9976
VANE8KP4GWZPNKQZ,5770.3203
PCSE9R7E3AFG7F9H,1325.949
ACCE8XZMBCKRGRVS,1829.5365
BAAEGHPNYQ5JMZNZ,7350.2583
NKCEASCZT3V6YGJV,2730.697
TOPEYJZ7PUP4YRP3,2830.6074
PCSE4VAVUPCMZZ7A,4077.6414
BRAE5F3KHHPXDMUR,2613.924
CRTEJU6FJTEHSVTR,5447.911
PTPDVPFYEKTVFEZ8,2646.3264
JEAEHYZRRZDZZNWT,5521.579
JWSDYFUFNYBSDY6B,1135.4877
CCVEFX3XNKFEF843,7317.357
PACE66XREPHDU3NH,4488.33
SUDEGGB3E5K4UNYW,764.0091
NKCEB3ZCW2HXUSFX,1446.1687
PCSEBFEH9XA3B2DF,2955.1948
BRAEBCY3JXSJFNZH,2257.6987
CLTEHE9GGXJKCWCV,4930.4795
CAGE5QJG2PSHZA28,357.83908
BRAEFR6JZXBQ9NJK,8442.77
BRAEBCY3V4ZR8UUU,6474.651
DREE3KKW8HYZJHZY,3575.972
FABE92NVVHWSKHAX,4448.277
CBKEJ3AZYYJTEHK6,5435.1885
SHIEA6YUZCDGZUCG,3750.3164
SHIE9J6PYBXBYHRZ,2169.7776
FABEADKA9VBM9DTM,4486.7505
BRAEB2S8TG98KYGJ,9914.617
CRTECN2QX4FC2UAC,2635.7253
NKCEAQPGSPXZDCSA,5790.203
NKCE5TFVHZDZTAYH,3517.1506
BRAECCDUHY5DYWFW,2709.2922
NKCEFFFP9THXHT7P,2224.2063
DREEAVB2QKSZN4HH,3982.3423
SNDEGSZD4WHWUEPU,7054.2695
NKCEA5FHH53NDT9H,4252.1694
NKCDU4RZYTKBTQPC,2817.4565
MUGEBFGFT2CSSGVM,1496.0613
PCSE2ZFDQHP9ENMD,8424.635
SHOE3TZMQHKWG7TT,4973.3755
SOCEGHFY7ZZ9G48G,4082.4924
SHOEJUQGNBAHYR3E,6599.258
PCSDY5AFFHEADFCS,7924.8823
BRAEGJFXJR4GPU2C,1233.0282
NKCE5UZHWVVB7FCU,3365.2341
BRAEBBYRHPZNNP6Z,1689.2118
PCSE98DZU6XXGY3C,6634.431
NKCE4PZ6UJQG9QQE,1768.738
PASEA46QFBTUGATC,1954.7101
CRTECN2QZAQWXEKU,3264.4075
CRTECN2QUHEXQ5BG,4969.5234
CAGE9ENYESDHRAZG,5180.413
SLIEHUFGN6EAJZZV,1695.4615
BRAE7KQVPZXEUTHY,8510.887
BRAE9RDPFQQHHNNE,7938.5786
SHIE853ADDAHYSFQ,2154.329
PCSE9HAGHNGNRHZD,12896.634
WATE7VE24DXUPMAG,9334.596
PBXE4WZJC3ZN8NFC,10687.734
CAGE6GQCC6YG7FTD,7201.513
PCSE6SJGNDGTHPGR,1228.3308
TSHEGCZTUAZAYE7G,3114.6284
PCSE9YCZXDYVMBYZ,4117.893
DREEDR97RXXXSZXX,2283.673
BRAE8UZGGRVBCEHM,8750.533
PBXE5YG7JZP48WAF,6425.177
TOPE4NB7QJFGX4PV,5697.898
NKCE6SR49QBZZHMP,10671.111
ACCE8XZMFNFCDPXE,6643.906
NKCE45SJXTBHBFPX,5254.771
CRTECN2QVVZWDMVZ,2555.122
MUGECEVFM93JBPEW,3522.346
PCSECV3F9MXQZH3V,308.8967
NKCE2RPCH7YGSPX9,5879.321
SHOECVMMYCMGFZZP,3199.653
SHTEDFFJMHZWSYT2,4591.399
NKCEAZ6FBHSGCGAN,4506.7837
NKCEGZZGGGDCERGH,7272.5103
NKCDU4RZZAMFHSQY,3828.5754
CAGED6YFXAHXJSDH,2021.746
WCTEHU6FYRC6WWCG,4042.5874
WATDZ5HGFJCH2FGY,8205.265
IDMEHY86YP4NFZUG,3260.6282
NKCEFERXYKGHFACG,5034.0874
PBXEDDEFFMKZM3HG,656.2799
VLBEJKMQ9QZS8ZXH,239.81529
DREEG9JRZUZM5CBH,5734.511
NKCE6GJ5JHFKSM6T,5714.6577
SHOEG5XHVBSU5BRW,4519.641
BOTEEWFAGTNGUQ5A,5098.518
ACCEGUY9XYXUMRDA,6805.8774
CRTECN2QUBFBECYZ,7471.717
CRTECN2QSWDGMGZZ,4096.0166
SHOECSWQCEZRR82X,1288.9001
WATDZ5HGGUGHEZMH,7580.1274
NKCED8EGPHGKRPBH,6614.571
CWDEGNNW8YCD2VHQ,5493.138
PBXE89GKDPBANA86,850.75775
ACCEA7PVQP8H27UH,1690.7548
JCKEEB5YX5Q8HYBM,2349.649
CAGE8PKGVCNS7JCH,5806.192
NDNEBA9VUFJGTDEE,785.3032
BLUEJQRHM9VA48GF,6053.774
PCSE6SJGCFMBG5PU,7158.02
SHOEJP2GGGP2GGPB,1433.6945
CAGE8TQ8A7TPFYZN,2087.3171
TSHECHFVV3F5FHK2,3642.3562
TOPE3NVYHZNAEPHA,588.242
BDGEGEGCZ5ZDXBX9,12076.252
PCSE3YFFCYQVRNYX,6102.9053
CRTECN2QW9H2NWF2,3067.7505
TOPE7ZHY4ZX6VHYU,4571.8833
NKCE9GY4ZH4Q4K69,428.3884
KLSEGTBP3VQPZTHF,3521.68
BRAEGGFEQRWYDHHK,4417.275
PACECF9NDZG39YPR,4877.0874
SNDEGZ8XGC4BWUZF,5663.361
CRTECN2QZVM6SHSJ,2765.1807
SFFEGJZHZPYSE7YD,3964.2437
NKCE9YFBJMTVANBC,898.8647
BRAE9WYJXR43VESQ,1814.693
FABE7D5ZSVVRPG75,3659.3552
ETHEGNMSZPZDZC6T,2817.8171
CRTECN2QWRACCVZW,4536.8564
CRTECN2QT6ZMHHHH,2756.707
PBXE8W55A32CHXZD,510.56567
SUDEGGAVHGYEQJAH,2657.3406
NKCEAZ6FXQFHJH2Z,434.1292
NKCDYFHQAKQ62MHT,2757.512
PTPE7H5JD4MH5T4D,4105.988
SHIEBQ8W6KQHQG6J,6110.0186
TKSEEB9MNUGDS9DZ,3583.7854
BRAEDAGATZZKMRNY,2269.6797
CPIEJCN3ASM9ZRXE,4123.6167
RTRDQGV3ZTKAZTPD,4537.2754
ARPEG54NHHJDT9FZ,5031.557
ACCEBUEKVFFUX2DE,8533.506
TSHEGYDYGFHGSHGY,6054.7573
VLBEGZ7SBMDMYTXZ,6618.4907
TOPE8ZAF4NMCGHR3,2802.8694
BRAEDQEDVYJV64GV,8281.719
CRTECN2QSXKNSX8Z,2845.0242
BRAE3Y4ZP6GF4JKT,4571.3877
SHOEJWNPWBWCE7HQ,2177.7996
SUDEGVG6PJKDGW2Z,801.28796
WATEBS5YABDG6ART,5125.2417
JEAEGE8QCDDXCXFG,5291.8706
JEAEGFMHRSUHCHDY,12368.623
SHOEC8QGTYTSYHRC,5673.8594
NKCECZJQS73UZGX3,2931.4607
CAGE8X8X5QEP5BWM,5260.859
SHIECHC2G6B7JPTP,1371.9789
PTPEATF8HNUX8SGY,4386.9604
NKCE8BG8ZXHRZN9G,7961.6416
BRAEBG4ZBVZDWG8M,1776.9178
SNDECV6YCADQHMUQ,6742.0845
NKCEB98TYYUZE7BQ,5125.588
TKPEJNSQMHREJYRD,5365.032
NKCDUYA5RGAGR4PY,3707.1553
CRTECN2QSQX5H4GM,4278.8296
CRTECN2QVNAWZZHZ,3751.97
NKCE6SR4YVMYZMGY,10948.888
PBXEAJVRV5HNMDTR,329.5257
SFFEGF6KZ9PPM4SN,4704.2563
RNGDY8PZCQHBYA8U,6957.479
PCSEAH5W7RFFGKFN,4954.055
RTRECZANMW6UAQ5A,4223.853
PCSE9R3UWEMF57RQ,9454.447
SUDEGGB4EZEJ7ZPV,4756.6025
BRAEBBMQZJWQQFEE,3483.4822
CRNEJB4NE9FYSGBR,2698.891
NKCDR6BHVPTCG7HA,11103.163
PTPE4JYTBXSZSZPF,3262.41
ACCEGGAF75RZUBTU,12191.052
NSTEG358AT2YQVV2,4823.5376
ACCEGKXQ9ZFSWKMU,873.08826
SHOEBG6ZUGTSDGBU,4931.013
FABE92NVJWFVRWTZ,3752.7107
ACCE8XZMEQ5C2MU7,5429.787
SHIE2XDXPYYGJJZN,255.59065
BRAE3RFCGHJGVJ9Y,9527.284
NKCEA5FH9ZB34DEE,5982.7065
BRAECFAQXWGHUZDQ,2095.557
SNDEBG864TPNPGSE,971.5952
SHOE3MYBTPZVTGYM,4804.283
NKCECW7BGWYRZ3BP,4180.736
ACCEGGAYF5HTP4RG,303.41376
BRAE8RSAJKCPQ4WP,7571.5835
ACCEGXK4RRVYHJZR,576.18365
CRTECN2QWHKJ3PBU,4457.179
DREECUW7PKBTZPRA,3976.5574
PCSE6SJGZWXPQY9G,2473.9194
WATDZ98SPFAQVHWR,8868.822
CRTECN2QZ2HFUHH5,3007.952
CRTECN2QS7YHAKV2,2239.412
NKCDU4RZNVATGYZZ,1838.8734
TOPE7W4CTFFFDQBH,4307.6196
NKCE7MMGDBM6ZYT5,3629.266
FABE92NUSYEWSG56,760.9874
NKCEFFFPZC5FFNSY,4528.624
BRAEGGER5HFB7YXT,8055.018
KTAEGFPRCCS46ZMA,3254.4768
SUDEHYGUBYUKVZYJ,5727.2046
SHIEHZRCHVFEEVMR,6377.8706
RNGE9HEA2SSEK9ZD,499.74002
BRAE74BRYKNFVGQE,2242.862
AVCEFURSJBG924HG,615.9988
DREECZJEPZNGBSFZ,3783.2078
SOCEJPT5QW94BHWE,1784.2982
ECOEFYFCC2BUSBN5,3031.5789
BRAEA7GBQR7ZZN4K,2252.262
TOPE5N5ACWGNUWBY,11298.64
BRAE8X2ZW4ZPDQ7A,6221.8784
PELEJWHBZZHFCF4H,5380.3047
PBXE6YVW4CSQGJPS,3094.6248
NKCE5WSJTHTHQFUG,4199.695
PACE5VYXKSZZ8GKF,3012.1653
PELEGWXGPG8UEXPN,3141.519
CAGE7CZRJ39MZ33R,3092.8408
CLTEGE4SGRTVHXAW,4325.2905
PCSEAH5WZB8HNWEG,6594.6255
MUGECEVFKB5RER6P,3768.259
NKCE3H6BGY7BF6K9,7917.274
CAGE7CZRW6MNSUH4,4906.477
RTRDMNVFYZZBXT3G,2846.8823
CAGED2W2SHVURMZH,5691.8896
BRAECTFYYHAUWR3A,2225.5913
BRAEAR7WUVRVUAHY,1930.7283
GUAEJGQCH9BNFH2J,6673.7397
MATE49ATZAJFGTHF,1582.1315
NKCE8SESTHKCG7FW,6160.6714
PBXE9T4SWW4HSFGJ,490.0093
TSHEHU5RY4T3XXQZ,5443.0474
SHTEE72RZN4TVPUY,5721.81
NKCE8RB5Q2SERPVK,193.6791
PBXE9YWGTTTX6KVV,3295.4536
NKCDWBPZTRZJTVR2,2735.4163
NKCEGHR7YXJD3QVA,1314.7968
SHOE3S9BYE5XWSKS,6249.848
DRPEHS7GGAEJHWGH,804.5489
TOPE7DNYTYVKXH8X,4730.9727
CRLEJ6B76SJP8ZVG,7077.6655
BRAE74BREFRNXRYB,3195.407
CRTEA7HABNRWRZSV,2631.6868
TOPDX9TF8EH63HHG,3954.8333
ACCEJ6TESY6AFW59,1752.9364
CRTECN2QZZJVMK8M,4304.992
WATE3NWHWHGSECNQ,11767.116
MUGEACY8EXQKEZ8J,3603.7432
SUDEGGB5XKHZ8YRV,11255.092
CRTECN2QXUGAJF8Y,1765.5184
TOPE6ZCJTWVV9GRK,8971.912
BRAEAHEHDB9H3E65,2050.0698
CRTECN2QVES5SGVH,4062.3367
BRAEDSGAZES3SRZ8,4040.9033
TOPE954F2MKDZFTF,1578.8754
BRAEE6YMYDZCTFHT,2396.9866
PBXEAJHVVCHEY59Y,555.3169
CAGE6FYHBF3HYBWE,745.9236
NKCE59YWGAXY6Q4B,2659.3503
BRAECKHYSXQD8ZMC,1527.2698
SNDEHZMFFAHHZSHZ,6269.1655
TOPE9RCYS54YZNFG,4282.156
NKCEC8AZHBUEHH6Y,3757.493
NKCDYQ3REN9WJEAF,2483.427
MUGEAGGKXFT23YYH,4131.911
NKCE8HVPRWTY5JET,2576.6125
PAEE8EZHYZESVZ2H,5921.6255
SHIE8G24RUNDF63N,5699.148
SHIEBCQZHBFMSFMK,3265.8567
TOPEBCJF2D8JB3RG,3552.485
NKCED2ZG8GMNMMSF,3197.813
CAGE75DFBFFJZZ2P,3186.933
KRTECQSZAZSPPJWZ,12717.193
NKCE3Y5PHMWUUWQ3,4960.311
WATDXFGTREYMG4ZW,2237.585
GRKEG4UWCS4SNUSG,2377.741
MUGEACY8MDQCWAGH,2376.653
WATDZ5HGZZCZXDNC,9874.5
NKCE8E6YYVEUTNGY,2560.0278
JEAEGE8RGRFHFUU7,7363.157
BRAEE6YMYZ4D5YGS,5849.297
SNDE7FD6YA84VHSZ,619.16895
NKCE5HYVQV5ZKAMB,5136.1826
LJGEDTGP6EVWQAJW,4729.7407
SWIEHF3H7WG6VGMR,1930.9012
CRTECUWZC4AEEVTQ,3892.39
ACCDXH5HDZZU8QRH,6502.4556
NKCE9ABEZFFRGABC,5068.683
NKCEAVVRRGHWXTNF,3783.656
DREEYGCXYYZHDGDZ,3211.2932
NKCE8RB5TUKH4USX,6176.981
NKCE96SXZGNBFP3J,8123.473
BRAE8QNFWA34HGDX,9633.736
BRAEDTNZZN4ER8JN,2178.2222
BRAEAW9MTDZZZBH9,6284.05
PCSE6X3YSK6U4XMY,6354.3003
SHOEBBWKYRZHMMZN,3188.6868
WATDKB7JHUHHVMU9,448.21243
WATECSYFBDTEVR5V,2681.785
RNGE96Y2DCHGZ5AH,4619.376
VANED79Z5THRWD3K,3627.5334
CRTECN2QWVBQNTHQ,3465.8066
USGEJPPVGZNYAJE4,8115.212
CRTECN2QY8BEJVAB,3585.2996
BRAEDNX2YFFFVD3A,1952.8248
RNGE96Y4USHKXVCY,1463.0505
TFHECYGABBG9NRZM,7025.7173
WCKE2TFYRJA65QEF,544.8931
BZREBXM8BFP6HZVP,6164.1763
CAGE7DSFVSZDYPFF,1907.8817
SHOEGAJGGTZD6HSY,5034.5293
SHOE2FQCR89ZNN8W,7902.2866
TSHEGF9YZUKYJKZG,7346.4194
CRTECN2QYZCRHWD5,2500.9648
WCKE2TFYMTCGDBE6,3824.513
LJGEHYCBH3VEAZYN,2136.6704
CAGE76HYPAMJ7WKH,3161.3584
NKCECZJRGGSJS5MP,2944.403
HMBEHBANHWHNQF8B,1527.4442
NKCE2V6XHV3DSGPT,406.33194
AIRE9B8EKTNR8J4B,4729.223
CAGEBTJBUKGHGBSJ,5568.809
PCSE7B6U2VYJZWSQ,12752.258
CRTECN2QX3VH7RD5,2072.5107
SHIEGQEQ8X5DPEWU,236.29416
NKCE38HEJPZSGBDZ,2399.349
BRAEDQEETE3Y2CZJ,2129.994
TSHEJQ22W8XPPGGH,813.10736
CRTECN2QYTQNTVFH,567.4867
SHIEGHNCZBRTKZCR,4479.681
NKCDYQ3R3YGZZYGB,6587.9136
SNDEJCWXXFWQRCJU,5552.736
BRAEGG4PJFZEHY5T,1292.2126
NKCE4PZ6YXXW7SPR,3032.6587
BRAEBG4ZXJNSXVNM,1281.8107
ACCDYDY6PBZGPYDT,12637.287
NKCE3JRMBSUGXDK2,7283.1685
LJGE9TGNDH2E4VRH,8117.445
SRTEGWKMWDED9GFW,2047.7523
WATDE9NFPB9TBVSK,5263.023
SHOEJCZFDNVTB3RF,884.3944
BRAEGJFXYTH2MG98,4133.2217
TWTEHH2BQ29FYNGV,666.3604
SHOEHYA2U4D2FDGE,4972.8965
NKCEB774ZFTSYG2V,301.69064
SGLEGBV8VZ4QSREY,6977.6226
SHOEHZMMPFYUGBGD,5445.616
RNGEJ39US9ENJXYF,5594.011
MUGEACY8F4ZAFQNJ,1451.2515
PBXE6ZHNEGF3VGZW,2575.5686
TLPEG6GR9HUYW3ES,695.8358
NKCECARBX85NCE3P,3285.6416
MUGEAGGKNFZUGFN7,4551.3843
PCSE9ZPV7HAPCFZ6,7695.771
TOPE9KJE9PVJJZZC,3660.8333
CAGEBTJB5SZDNYXY,580.0294
NKCDYARBMAARKGFZ,3867.0056
BRAEBHDVMHWWJ72Z,6686.7173
SUDEGGBFA9UZ87PY,6439.195
ACCEABW85UJZ7BMZ,8207.625
SHOE2ZNGYDECUGNG,5109.6084
NKCE9Z2J5XF5GDCP,3347.948
PTPEFS9BTD3YHNHF,4348.0913
NKCDWHFQ2ZBKQHGP,2152.0059
MUGEJG6SRGWSSZVS,6533.7007
TOPEYHHWTQ59WEHB,5244.538
PACEC9FJHX2ZJJFM,3784.7786
NKCDU4RZYJ4NC2FS,3746.5442
CAGDU84G2G5AEAE5,10658.061
CRTECN2QU9XUVRDQ,3940.733
DRPE3N3WWNJHVVNN,2669.4578
NKCDW898GSGZQGGY,2637.956
MUGE92Z4ZTV8UZYN,2505.4622
BRAEBCY3TP8GZGQP,4248.804
NKCE8HBNYGFJDU8Q,6688.264
CLTEHE9FS4UCYDGH,562.67883
NKCE9PFFZZJ2JUTG,7665.596
SNDEGJFVJAHQCENF,11870.594
NKCE2NKZGKZ7TVUE,2424.6675
SRTEHHD7AE757FTH,2890.006
RNGEDAKCZAZQTEZZ,2410.005
RTRDNGVMH2ZJZRMQ,7609.4224
SHIE9FMPWV8U4RWX,2131.9622
PCSEAKVBTXB6E4RF,1289.6917
SCHE5Z57GMRHGXTD,3342.959
SNDEJPZMCWYT5QRW,6755.0386
DREEGZ5CVEHJPDT9,5464.536
SCHE4YST2DH7X2YC,4272.5615
BRAEDTPHBRK7YTYE,1881.6984
LIDE4YMTRHMXGXKZ,3493.7751
NKCED2ZGVXQE2UWP,3204.0137
BBAEJA4VWFFEZARG,5752.138
WATE6S3AHZXW9GPK,9189.057
NKCEF9GTMZD4JZW3,3315.1072
MUGEGZUMNZCKBZYS,2318.0073
KRTEC89NQNYTJC9S,1672.1487
MUGEAGGKWW34AFH6,2448.6887
NKCE7HN9XD8UDKHF,4334.2007
CAGE8X8XZCGGXQ7Z,544.47723
BRAEDSKC33TQAGG2,2778.8323
PBXEBYHC4S5BQYDA,662.27856
WATDYQ938HFU8M8J,1264.5563
SHOEFVT6YAKB9XTE,4714.3604
BNGEB467JXH6QER6,11081.812
GLSEHFJZ2N9C3WYK,918.6238
CRTECN2R5JRYASA4,4025.2307
NKCE2F5HBUPEAAPZ,681.2999
SHIEAREZZWVXUBQT,5449.496
BRAECKHYJ8HGVGHG,1750.5643
VLBEGZ7SQGDFUXE7,5350.39
ETHEJG2KXFSM6SYG,1600.4963
MUGEAGGKZTMNHZPF,330.72717
FABEH2JYVTGFEEFT,879.0785
SNDEA5EG9KPNG38S,652.4376
MTYEGZ5ZCWFARE5X,5170.0303
TOPE8XCDBUGUZWSP,2581.9907
COAEJFTZEFVYTVBG,1801.1094
NKCE9YCYAJTGZFZZ,3914.9976
RTRDMNVF7CQ3HAHU,3081.6582
PTGEGUZNXKZ8P6Z9,4822.7944
SHIE55GT4JDKEGZQ,4121.427
TOPE7H6NK6YHDAP3,5484.5166
TSHDWUPNBPZZHHRD,7568.57
ACCEATGZU9QWN3XR,3022.7053
TNREFBYF3NYEWX5R,12488.052
CRTECN2QYNFWAQHM,5881.7944
KTAEJFR22QUF6CCX,8578.481
MUGE9HRR6HVCRPZT,5851.6074
BRAEAW9KZHABYUAW,8959.076
CAGE9ABBP3NXYEMZ,12437.975
SHTEJT4DCZAKK3YW,4372.437
RTRD8FPJEQRZ6BEM,1287.1478
PLWE6S4BKHB5HZD2,5271.9106
NKCE6XU6NKSZPBYC,8681.587
TOPE5UZG8YEV39XC,1702.9152
NKCEAPCVHF2FJTCN,2936.09
NKCEASN6V7MJ482Y,2855.6328
SHIE3QDHDTF4BMK4,6335.563
SLTEGE83BPHD2N2R,9980.664
CAGE6FYK6VKUMRTT,4596.0093
TOPEGGA4KWAXGTG7,3461.339
NKCE966EVHN4AM4H,3452.4846
CRTECN2RTNAPQ9UC,2656.0579
AVCEJCJSV7YSUEGN,4333.2373
SHOEBGDMZFGMWGSD,4094.1614
JCKDXPJGDX8MMGDF,4199.902
RTRDNHMRFZTR3ZPZ,3717.556
NKCEFFFPSG28KBZR,5093.185
BRAE8RSARRKPHWUY,7539.554
NKCEBFWTZCR2Z9CK,8904.194
SNDEHZKGKGHDFG57,3147.0066
GOGEHYHYGRZFMC9D,2122.6511
SOCEGHM6YYCTBXHS,2059.145
SNDEGQ7NBVGASKHA,859.8489
MUGEACY8Z6RG3GPV,3127.1829
NKCE38HB3Y5YH3UF,3361.7185
MUGEB3GZ5HYHGBQT,2383.9917
SHOE6ZQFRGNTW8JX,2617.7634
CRTECN2QYZBRHJZF,4223.775
WATECDDDQ7SFDD6K,4594.9287
BRFEGJANHRABGE2Y,6242.2627
BRAEBBYRYZBKQRKA,9624.257
SHOECUZVNVUQ8CJF,2247.5442
CRTECN2QXB8H2ZMM,2266.8433
BRAEA5MZF4TEZZPH,4797.3735
NKCDU4RZR83PHQG7,5246.062
WATDZ5HGJEQGGB6U,4891.3457
CRTECN2QZYZK9WYV,4883.1514
NKCEACWN5GXUC92H,2450.7627
HKHE57EHTMJCH5FT,4288.109
SHIEFFFPRTTYYF3G,6590.658
SCIEFHFUUSZZD24P,5747.177
ACCDXFZXH75VJZE8,11902.857
BRAE6Z79CG9ZH75H,7013.2837
BTCEJQYNBKZNZDKS,7785.2876
PBXECDBWKHNKGEGD,2208.948
NKCE53HJHUTKNGUF,8346.036
CRTECN2QYNCSMYNX,3278.074
BLAE6DPHFYECGZ68,11235.973
NKCEC9FM6ZZGB5A8,4167.6753
CRTECN2QYAPXYKZM,2607.03
TMLECXEQZXPGWW7T,9040.368
SHOE8VP932WXGCZV,3150.8625
MUGEGZUH2HDYY4XF,3927.9937
BRAEDW63EGE5VDXG,2316.5261
MFLDUKGX3Z2J5VH9,4911.314
MUGE8TQEZKAD9WVN,2488.3557
ACCEAZCVS4YGWUVH,5658.8877
MBPEFHRYGGHJMRYW,1318.1978
TOPEDHEA9YERKGUT,2092.729
BRAEDT7SDETZENWB,6243.566
TROEHYUVAJ6NBBAE,2375.6282
TOPEHZNSWYHQYGUF,3314.015
BRAEDSGAYPJFXJJ5,2246.6057
BRAE8EHTYSUXSHEM,2617.9275
NKCEC8ATTJB3QMGB,9350.18
CAGE7DUYKHBTPZVZ,3976.9363
TOPEBKYKJZCNRNNJ,3523.236
NKCE77RVJXKGY5HH,373.54446
CRTECN2QS6YHKQ3G,4127.336
NKCE9AZM3GVSMZPT,4900.5454
DREE9CPNYFZP9HRA,2865.9927
NKCE7Y2Y4BFFU9A4,3730.34
SNDEDG6H5CYWWBBP,11072.029
CRTECN2QZJSZBWGH,3980.8567
PTPE7V9ZRFFHG22K,4284.388
TSHEJCQ2VWZAKZJ4,2882.7075
BRADM8DWKXXJDEHW,379.62933
CAGE22EFFAPMZEPE,1315.9247
RNGE87FCCDJQYSQ9,8426.558
CRTECN2QZZSR4ZVH,4707.0835
SFFEHUAUGA5GBTYZ,6033.9146
TSHE4KACQVSBXCFC,6655.6904
NKCE8NHGSHWS56FH,3441.8582
ACCEGKFHWYVFNCX5,2094.5754
TUNEA8UGGGDERAHT,13104.139
NKCEA5FHAKKSQCK7,642.9044
ACCDSY8ESXF9AUHY,12250.475
PBXE9YWGDQYKWXRS,9737.317
SHIEHYHHNPVZEXVZ,874.95013
NKCDX3BH8FVUZAYQ,7328.8486
PCSECV3FSKC4P3P8,172.56274
NKCE6UWHJPBKGHZ5,572.8484
SFFEHVAVYGCD3HSD,6611.5537
KRTEJ9GHTVHHGQHM,2959.1172
USGEJPQKBNS5KDTE,4271.559
NKCE5U69CGGXVG4C,4293.347
LJGEATZSV5VGNDXW,2753.6648
BRAE8JUGGJMMETKY,1698.2843
WATEHYU2ZR3UTGRK,895.76807
SUDEHYGUWDBVFRMH,1193.911
SNDE5E6BCHZCC7JQ,1709.5354
RNGDVJYNGRUMZJFT,3917.416
BRFECHUFKHVYUREJ,625.23376
MUGEBFGFEN9A5EGR,3904.3782
SOCEGKQYHGGXAPGD,3063.3062
NKCE9Z2JTCBDBXJV,495.7836
PANEJQ5AMGFJKRAF,9266.47
CRTECN2QUHKRMZSA,3880.0334
TOPECBAAP9HW5VMH,9159.603
BRAE8RSAVVGKRBK9,3224.3682
NKCEAX7H3Y9JBGYZ,263.93124
HRCEHF2C2XQKQZHM,3868.883
BRAE3TSHZ6VEKQUG,1313.1293
STIEJPM3D8HYQRTN,538.67
LBXEHFA5TTMBMFR8,5637.7866
SHIEHGXH8GPWGWFE,5779.277
NKCEAUABWU3Z8HZ6,1846.4086
SNDEGFJ2GD5GWVSH,5117.617
NKCEDCT9KKXBQTND,231.35828
PLLEHQTXADABGDSZ,6099.6353
SNDE6SCTV6BCGRNV,8882.859
NKCEB7CE7G7JHQPA,3792.909
PCSE6SJGPYFYGKUQ,7060.765
LCHEGYYBWP4ECBZJ,9893.037
TLPECJY7WKHYDZT5,4646.3477
TOPECJFAHFF9PB94,4159.3794
SHTEDCZWARQ2HZXX,1114.993
SHIE86XAM3TUG7HA,5579.1724
PELEG5D24ZAYAHUJ,4848.1504
WATDYFQ559FZWRSQ,7871.778
NKCECZPZ8WCCFGRV,374.21094
CAGE9YTNZV5B3WWZ,544.8225
NKCEAGXHYGDBWMWZ,2843.8086
CRTEHSS9JCJEZWCA,5654.2944
CBKEJ3AZMZGTQ9F5,1140.995
PCSE55G4YBUXMBJK,1636.1622
RNGEBKGHZFCSNZWZ,2053.7747
CNDEGVK2ZMCGSCEQ,8996.755
ACBEHDUATE73ZUFF,2390.6802
NKCE5U69RBZRVJCQ,2910.796
RNGEDAKAZRSRYN2X,6946.6885
PACE5Y8Y44TKZ7RM,3622.9163
MUGEACY8VKKQ6GJ4,2159.013
TOPE6QGAWN9YDQWZ,6255.4243
BRAEBBYRWHYKY7CM,6798.9834
BRAECA2JWQJZFHUU,2934.2896
SNDEFGEAF4GRHHX8,687.0597
WATE9ZYZTKUEFFVG,7978.7134
SHIE7QCY6ZQSUF6E,5321.0454
WATED9T48YVSTAA5,2741.4873
SHIEB85ZA9EMJ4BZ,6503.178
SHIEARR3DXE2SXRF,3299.383
TOPEGHZ6VKKVGYNR,6795.0977
WATDXFGTFHHKPBNV,1301.3507
SRTEGWKKZNUYX7HW,8571.623
SCREEMC7DYNN5YHF,4810.6807
WTBEJ9RTQQMB9VYE,3074.3894
NKCEAMDRQZKUXEYW,4925.2227
BWLEHTBPHRBSDEYF,9465.736
CAGE5HVNTSEFWCW7,10518.838
SHIE55GT7F6HYXDT,3445.9304
RTRD4D3EGBAYBG2C,898.9872
SHIE7MGDC6ECGFJ8,3547.9895
BRAEB2S8RRCWFJST,1379.5573
SNDEHZPDGAZBWJTM,757.66815
BRAE7SQFUBCGUCWT,1504.7596
DREEGXZ2QN5ZKDGH,5754.549
CRTECN2QUHW9VFFT,2673.7542
NKCE8VQHVG89RUY5,5872.9707
BALEGFWE2Z7GTDMS,3300.8943
TKPEJNDEFYSRZSXF,5673.77
SHOEHYEAJCGEP5UQ,2357.8738
LTBEJGVNHVHPUZ9G,9383.206
CAGE4GF7UWGZHN7J,2700.7466
NKCE4TV4VCFGY5UH,3792.3357
TWCEGJZKVYZHNE6Z,3957.2246
BRAEAZEFXHCKE3RG,6883.838
FABE92NVWSKPDK8W,3668.189
BRAE8UZGKMFVSG2B,6964.3755
NKCDZFJMRP2XBBTK,4224.169
RTRDZ5PJTSHHXGME,7140.475
NKCE7AGZESRQGFHG,2311.6155
CAGEBTJBTNGGDZQZ,4946.405
MUGE6SYU8QAKS7UH,3670.0696
MUGEAGGKYUB8SYA5,4014.2183
WATDJTR979TAXJJZ,13179.453
CRTECYY4ZHUZ6HNT,4963.3506
SUDEHYGUXGNXBNZM,6139.1294
CAGE3FX7XZGYHGRJ,3116.272
NKCDWBPZ9PWWVGN2,2266.4539
NKCDXYFHNXGS6MSE,2714.6992
BRAE3TSHVMCW7NDZ,8212.015
MUGE6S9YZ25CHZRN,2810.2393
PCSEBDFUMFZZQDJW,12022.972
SGEEG7CR5YSTGTFT,4686.607
CRTECN2QVKZ4P6VP,3780.7627
BRAEDSGBTTMMSZZM,2959.405
SHIE6ZSBGF3GZZFF,2245.32
PTPE62XBPSEHCQCR,8458.633
WATEYUZXN2DHGZ36,8576.527
SHOECK2FYYWUT4KM,5006.825
ACCEDTNRJXYZHZZW,6331.9727
NKCE9336FXG94XTG,1990.7351
JUMEJCDRCWWKBQSX,9801.841
WATDZ2ZQTPKQZEHG,7295.8335
TKPEGRKHT4832GFE,3435.6443
RTRDQZMJBWHZCXZT,11895.674
CAGE6HYJGDZQXHQD,11186.922
SHIE8VY9ZYWPUBWV,2274.696
NKCEABYZYMNATYGH,5444.2524
RNGE4Z3DDZ3YAKSG,6091.0244
SHOEFZXRNYJKPPYG,4913.5205
RNGEAHG8GKFRK38B,5139.3975
NKCEA4CAMNKWVXTG,5430.1616
CRTECN2QT4YABNGQ,2962.7334
SNDECYKYTBUYUEPU,8917.17
BBAEGGDCFERYAQHU,3104.2715
PCSEDE6ZNWQCXWDY,8111.3667
SNDEJH4DBHFK4N7B,4616.346
SHIEAW8RHVJNER3B,3405.1262
SHOE9UDJKNVSDH72,4503.146
NKCECZJQSWTUUGXK,4123.2036
BDSEJJCKFGYZR4GS,374.23288
ACCE8XZMKHTPSVFW,6544.822
NKCECCMFZVWGAZXP,3497.6372
BRAEDUXKWHZFVQN7,2010.9318
BRAE8RSADX6YHAQT,6777.321
CRTECN2QTVAGYNZ6,2111.291
SNDEFKFNCHPREWPN,5897.1343
BRAE3TSHVWYHGGWH,8099.0483
BRAE8WYHNGG7ZXPM,2085.944
TOPEHZNSDHHZDB4G,536.85394
CAGE773YKTNBTMMH,8428.939
BRAE2NF6S8WKV2FE,1815.1893
WATDZ2ZQPXHZYQZJ,5762.636
PCSEE4H5GPSUFGGX,2428.4329
CRTECN2QYG6SNGZE,2743.3071
PCSEAH5WAEHFFNDZ,9801.342
TOPEDFTZPFYP7UZU,4378.846
NKCE7VKYZ8PEGCG8,4905.865
BRAEE6YMBUAGK2FH,4857.247
SHIECKYBQQNHZFZD,2558.764
PYJEGN9Q9NWSUYGB,9200.61
PBXE5ZJZY2NC256B,2747.7905
PCSEAH5WEFMRTDEX,9413.245
TSHEG57TG27P9EZM,3328.326
BRAEGJFXUHYZPDWZ,8393.551
SKTEC88WSNYJKWY7,463.2252
PTPE6GZRTJJCSURV,2868.603
PACEARXTEE2R8CNT,2638.51
LJGEYGHD2YPQHQGZ,4214.5728
SRTEH2FGBDJGX8FW,1333.5753
NKCEGGFGCKCZS72F,6013.831
NKCE9AZMTYBWTAV3,4625.5806
BRAE5PKZGX8HNT8Z,5512.1387
CAGEBTGH3CHD9T4T,4831.4116
HRCEHF2CCUFD778C,5314.348
DREEGSMKFEHFFYNV,6082.1255
DREEADCWZ6XFZCGJ,1083.1945
PCSEC86WZXZPEEZB,8419.7705
SSSEHFZ34KRWYGSH,2583.7776
CLDE26U5N2TSHREG,5287.305
CAGDTSJUFVMVP3XG,7105.227
BRAEBB6TWYYGKYQC,2174.2158
PCSE76X4K44HZ5YY,6277.2305
BRAE8TFHXNFSGZHZ,7945.9214
SGLEGBV4XF6GBWZS,2712.0503
CAGEBXZ4UGZU65ZV,929.0331
NKCDX3BHQDPKVJ9A,3222.3206
CRTECN2QUPXANVU9,2865.9275
FFLEGEXHXGFXZAXY,6622.631
NKCE7HN9F746GK2E,12368.922
ACCEAZCVU9RPHNFG,6526.2715
KTAEHE9KFWXNYHFD,2871.4114
CRTECN2QY2WRVENS,6337.023
NKCEFP3J2FKVYFRG,344.23758
JCKE2HWFZD5HZRE5,6216.3877
BRAE2Z9VJ8B8FAD2,1896.2869
FABE92PZSEPSGZFK,450.98416
WATEYAP3B7Z2BSYV,7374.673
ACCDXFAJ8NGKEQ5A,176.7159
CLDE9Y64GKDGAAUG,1900.1967
NKCDU4RZRKCZWYQH,1168.3466
PSIEF4ATFU6QYETN,5173.697
CLTEJ5ZZUZKHHYDK,7706.3813
JEAEGBX2FBDMZK2N,2279.097
CRTECN2QTXCGYGNC,4605.469
ACCE6FZPTNC3UGSG,2743.594
PCSEE4H5KH5KUBA4,11955.967
CTTEH9FYJFQMB8M9,6091.5474
BRAEBXRBXYDKYPKB,2934.1636
WATDQKYFVYKGPAKA,7325.29
CRTECN2QSTZHJTKF,1725.4667
CLTEJ5ZZMTBYXWZQ,6130.0737
DREECRS5RGQZTYNE,4881.8267
DIAEJ8FGHZ3K86JU,1560.503
WATEHZN5BG4SUKBY,4820.6836
NKCECS3FSXUA56AU,11398.478
SHIEBZ7UE4BXMK98,1787.7177
SMCEJV6XGQDBMGGQ,5640.0103
SHOE39Q6PDKHYY2F,478.5595
BRAE3TSHYTS4FCU4,8373.166
ACCE7ZK9GP3YCHBP,1940.2772
WATDWGAHG7AHMW6Y,2992.9226
SHIEASFWXZ6H28UY,5448.1655
BRAEDSGBPHRAHEMU,7901.513
BRAE4ZWYGGWFKUM3,3988.5159
BAREGGF8NBTFWU4G,2651.1028
PTLEH3D3VTGUCQBK,2422.1782
BALEEZ2A4SWPXJU4,271.01694
CRTECN2QW62MTXAJ,2342.5364
TOPEDTKMHEGYN2GA,471.94263
WATEHZP5RHMMCBPZ,6059.9595
KRTECZHGC97Y3DGK,8203.088
ACCE6DZCJZ3M2DAT,996.0396
NKCEBUPHUZM4BRWF,748.26086
ACCDSY8EYXYYYYVK,12211.335
SHOE4HKYRFPHCJWX,3291.5852
DIAEEUAM8QXHB7BD,871.9009
PELEGNSQYKKHT2ZH,5436.761
NKCECYNZ8HHZHY3N,4181.893
BKPEGUJHJFYS4FCU,6207.602
CRTECN2R6SGHFHGJ,6535.8
DREECRS4FHNBDJHY,5739.192
SHIE7BZ9XWCHEYPG,5549.49
PBXED9Q2MZEQWXCP,11158.535
CAGE5RNE4JVBXZBX,403.3154
WATDZDGRQBXTKHPW,5208.194
NKCE3Y5PSKAJSBPY,6807.9507
BRAEE6KRWZZGZKHX,4183.023
NKCDYQ3RC997MHB9,6780.5005
BRAEDXUVZPX2RVVP,2446.8618
NKCE8JMCMGCHCYDG,1615.2104
SKTDDA4YREGBZDP3,6655.225
CAGE9A68NZMEVPPE,10432.459
BRAE6NZAQBHWZNMT,288.02463
BRAEAW9HUCVYHBHE,2742.7205
NKCEYM3BHZHMYT7Q,4296.7837
MUGEACY8ZBCGS2ZF,3868.0212
PBXECUFGDMEZWMYB,1513.0192
ACCDX8ZUEWUKFHHQ,1631.2201
RNGE7GVYZGVHDS2V,10249.4375
RNGDTBQUJUCRDTCK,4452.0283
PCSDY5AHHQSXZARH,815.8351
PBXEAZ85KCZED6ST,2804.6316
NKCE8HSQEKWFAUYS,355.56003
SFFEGEZCEJRG9HVF,3969.7454
JEAEGWYDZYDRGXQF,3752.5308
BRAE8TFH9J4PHP2Q,4445.5757
BRAEB5BUYYSV9TEQ,1978.7319
AIREBB9APEFZYSFB,8200.081
SUIEHFNUU3BDCGZN,841.3115
WATE9M3RRRKZK4FD,704.6758
BRAEGJFXBGRJKXPN,7296.9146
SNDEDF6WMSQJEGFN,7983.9097
TSHEGG9KQHGQEZXS,5329.7505
TIEEHZDEDRUH6NMB,2922.6912
BRAE9C3MZZ7SKKSH,7660.512
CRTECN2QYAWB9FPE,3467.5664
NKCE8T78YZYEQYDD,3022.5579
RTRD7XKFDBPBR6CV,757.4685
BBCDPFZM6V585ZZE,356.66568
PCSE5VQ3FBAPKERB,6815.305
BRAEBADVVRBUXZGN,5705.831
NKCECB9KEYRV2SU2,3537.9224
SHIE9GH8DZF3APB9,4968.507
BRAEBXRB322WRYZF,9728.189
RNGEDAKEZXMAXYKB,9305.214
MUGEAGGKDCJHRYBY,1271.0806
NLPEJUMTYT8BP983,495.14612
BRAEARZHZF7HFYM6,2052.2651
ACCE3YFFQY82H72D,8025.064
NKCE5TFVTYJC6VMW,7424.778
RNGE96Y3FNJ4TVSA,10075.261
CRTECN2QTGFWHYBY,3405.7576
SNDE3SNFMHARS463,1069.2341
PCSEC86VYYXG23ZB,11648.488
TKPEG6PZEBEYFB2M,11751.152
PCSEC86V2P4M3TXC,8906.377
PSRD7NKJGFMGAZQG,5287.6836
SGLEJJA6TVC2KYUH,551.9623
BRAE8WYHNJ2B2ZEJ,4152.962
PBXE6P4FHJJCQZXZ,5820.571
BRAE3TSHZGWGT6WP,6889.904
WATEHZP3ZA9YT99G,607.84924
BRAEE4H4XNG34W5Q,3714.6577
CRTECN2QZSZMM3YJ,1797.2013
ACCDXFPFH66QGGR2,13491.667
TOPE89Q4SYQXFGXF,3221.1294
NKCEBMDCUWFNR7ZC,1919.7103
NKCE9AZM5ZMSFXSX,3869.6128
ETHEGYSVEZSH5HUG,3958.0742
CAGEBTJBAQKZUVQD,8744.28
RNGE7M92H9QHRKEX,10035.603
CAGEAFDBEJY56XSE,514.5395
HKHE5QUYGQAWURCP,4077.982
PCSE4V8HN6NGMFBH,9095.555
WATE8E8PMU6ZRZGZ,431.59976
SNDE2RXYKZZAMNGT,741.2394
ACCDXFA6DYGMS3FZ,5735.7944
ACCE6DZCAGSQEW3B,7858.926
BRAEDQEDVTAKHTX7,1349.7266
TOPEBYXVCYTBF6MX,5879.8853
PEAEETEJMJZ75EVG,415.36154
CAGEBXX7YEQZQQ2J,1053.9703
BRADM8DWS52HEGJV,5857.4985
SFFEGJZQHKNFMPG6,2086.2195
TOPE45NZFFUDHKZR,5478.3804
PCSDY5AFQE42NNTK,2318.9744
NKCEANMPRRRUSPZE,2917.6272
SNDEFV8ZSKGTFAAC,4436.656
NKCE88AHMVQHFZHU,833.3288
CAGE6FYKGSNJWBG8,1808.4491
BRAE9WYKVTCZYNUB,1597.0125
CAGE7CZR6ZD9RT3K,9957.379
CAGE22EEX2HKGXFQ,4174.712
JCKEG4AKNM3HP3MG,5080.217
CRTEA7HANRC9HYK3,9336.823
MPLEJEG8SDGZ4GGP,1546.3444
ACCDX8ZTH89YR2ZF,1468.2603
CMTEJQYQEU2GBD2V,4389.192
TOPEYY5YQGGRWGGZ,5446.4985
TOPEG3ZFYPPG9HZM,5305.6997
NKCEYTXEPHXSXDKM,4154.0366
ACCE6TJTBHE6YHDJ,2507.5054
SUDEHYGUSSZGDBRQ,9591.75
PCSEAH5W6GBGTD9Z,930.2118
ACBECFGT74DBRJRT,2674.5288
PBXE8WPTPZSCW8UP,3059.8005
NKCEC86VG3DP9ZGQ,2097.9321
NKCDYRHGGJUVZ7WC,1099.8124
TOPECUYTF7XTXND3,2553.5774
ACCEGF6WWRAUMRPT,613.981
MUGEBFGF4ZDPGTZZ,4209.2236
MUGEB7J7GPWUH6Q5,1364.1224
NKCE7MBRTAZB2DB5,9293.481
BRAE8VUUYMWAYSCK,7512.848
BRAE5F3KHPGUMPCW,6775.1147
NKCE69P8JR2ENBAG,2402.7908
MUGEBJ7XHN9UYUH9,4256.258
SNDEGGQ2QZ2HMFYB,6244.9644
BRAE7YF6E3PH9JGW,5446.378
NKCDYPDSFAFRAQ9T,7148.4136
NKCEBZNZXXAKBVMW,2875.637
SGLEJFM3XXXGKXDA,1086.3987
SHOEJGFU7RXZXFEM,3462.1401
BRAE9G83CUBM56TA,6371.7446
PBXE9GF9XZTGMCRG,480.9166
SHIEFFFPVBQK6GBH,9240.766
CRTECN2QZ3XEUPTT,627.3457
MUGEACY8NCCXXWJZ,289.07114
BATEGR3ZHKPGMHXD,5871.242
NKCEA4CAU4WH8RKF,3318.363
ECOEH4BXGVMBYEMG,2201.7437
SHIEBFXDQYHQAUQF,6110.2856
BRAEFR6J5FJ4FUZY,5427.9233
NKCEAPCVJKG8J283,3831.1738
NKCE4VA4M2ZKZGUY,8162.935
TSHEGZKMZYGHZPRV,6113.425
TOPEBWGFN8MFKKKE,3394.1467
PCSEAH5WHJCJWVQE,5531.877
BRAE6AV3FZNGNTXH,2152.009
TUNEB7FU74F3UGVH,12903.049
RNGE7M92BFXHH5VT,1804.5851
CRTECN2QYSAMMGRW,1293.1819
PCSE4TF4DYGDKZCT,8399.098
BRAEE6YMRVXF3HNV,7976.0347
BRAEBCY3WXYZEGBU,5512.272
JWSE6GH6HKQFXTTD,5280.584
HSAEH6FCCGM7HKUQ,4987.9067
BRAEBBYRCKVHHG7Q,5194.619
SHOEAPT3RUN6RAJ2,488.426
CAGE9ABAGXS3WZDB,5422.8647
RNGE65FGMRNRDSNH,8193.824
CAGE22EETSQPZKZA,8493.957
PCSEDPHM4G7WAYBA,10893.336
RTRE2TYNWTGTPE8D,2693.8901
PTSE4ZHEZTF7UYNK,10491.726
SCHE7YGX8SSZCHA2,856.0086
WATE6S3AZNHMPTJA,8405.035
SHIEY6KFSWWZVUVT,4341.0884
CRTEA7HAC5HFBYGY,2595.9263
SHOECK2F25ZZS6GG,5197.6597
SHIEHZSPHYJF494X,5670.586
BRAE77MQQGG9VQVK,2084.8374
BRAEBHDVYFH5AWYH,7033.7495
CAGE5GE5YRY2YNDV,2197.492
BEOEGXRWE4NDBJNV,6210.9077
RTRDNGVMCGNCTWUU,5595.7285
GOGEHZ5P5XDZ2UZF,4712.8276
SHIE7MGDAS5B4JEY,3774.556
CTTEH9FUH3GKT3TF,2922.8728
TMLECXEQ9PJUZGTY,9155.381
PELEGNVBZXXXKDNZ,1381.9027
SHOEFSE2WAFKZFHX,5222.857
TSHEHU5RBAFXVFHK,5332.891
FSEEHAGGGFHQJKWB,11549.266
SWSEDXEYKZKKEMSC,8295.088
NKCE2MBFEMAJTEBD,2283.513
WATE8GDGPNKRTURP,1267.6909
WATEB2FZUMQU4W7R,1269.8282
BRAE4YXVJ86CZF6F,1932.101
KECEGTXHVYW47ZZD,3855.7827
PCSEAKVBYGBZXKNS,8279.166
NKCE5QSZPBG9THXZ,3753.4226
NKCE6SR4GUG326DS,1777.5216
CAGE9ABAFWTJFGVY,628.4121
SHIE4T77GMCNHFBC,2079.555
PBXEACG2FBGPQKWG,3598.9836
BRAEDSKC3YRYJZCR,4118.238
PBXEAGTNVHGQT75S,11943.183
TOPEBTGCPSWPYGRM,7961.4736
ACCDQDYBQZPEEXTY,13264.795
WATEBSZUTGAQBCFN,1654.2642
CAGE9ZGYNRZCKNEF,7013.4995
SWTEFZCKAC4MABVZ,5547.36
RNGE87FCF5VXWTKH,5058.9746
LJGEG57EHMYZQDZU,881.45575
SHOE6VH5FY6TXG62,2051.455
CBREGH79HVGFZQYW,6473.1333
ACCDWGG3HSCGUN9V,4731.525
PTGEGUPYWSZFTDCB,4944.525
SHIEERWHHPMWHPWB,6348.577
SOCEGGZ8MHX79YGA,1932.8033
NKCECQYZXR4K76BH,11230.789
WCKE2TFYGMCEPV5G,3408.3667
JEAEG7CFYNZDJEVD,1004.30475
TOPECY77GYMZDRGX,3651.576
RNGE5GSJTGW5V9CQ,13109.516
NKCE49ATDNH39ZYR,11325.052
WATDSV3UMUNAXURA,11106.416
BRAEDFYYZUQJBTEH,4807.886
JEAEGF6NVGBFHSHH,4719.7188
NKCDSCF3GCSWCNMP,12080.498
ACBEHDUBQHXTPAVK,3144.806
NKCDSCF369WABYU2,11826.932
BRAEB2ZTUJJFFQTE,5426.024
BRAEDQFRTQFYPJ2Y,3647.05
TOPE8Y6THTGRDF9D,3477.9944
TOPECAE3JJMVYJFF,5233.43
NKCE5DGMUGHTVMW5,2568.837
BBAE9ZSFDZ5JEFGA,6126.7344
NKCEYYX9FZWBEGQF,3676.3914
TSHEGHHU6C28JJUH,7064.721
MNGEJHG7AVRHC8VF,6971.2026
CRTECN2QYV9WPJUC,5095.4673
AIRE98PZQXREURYP,5093.0444
BRAECFARH6PZ4J4W,2890.412
SRTEHXSHU8DXFRYM,4597.201
RNGE7GVYGYRGX5VT,6725.308
TSHEEDY3HY3Y2HAM,2284.3557
ACCE5HSSFHVYZFGH,3585.1042
KRTEBKQJFWMZHRRF,11516.868
NKCEC8AC6XFX5NGF,1949.1437
RTRDGGQ754BDWH7U,2445.2737
BLAEEH2ZH8PNRD6M,7664.837
NKCEAGXHHF2ZFZEZ,5179.0312
PBXEBKWJEADHCZVN,3465.4753
ACCEGZ66PXG5AHHJ,5184.6675
RNGEH4G46M4DTFSM,3607.8337
KLSEGUGFRDBSSEDM,1162.1688
NKCE7KY4YRMECRVN,3363.0344
NKCE6ADEKEGUHPCP,4051.3445
BRAEDSGQ92HDFACZ,6501.7866
WATEHZZXEGZEZZBQ,3504.447
NKCE7MMG4PWWHFM7,2503.1829
NKCE9Q93GVK3B8MZ,803.2564
SFFEGZBWFGFTGYY9,6597.1772
ACCEHR4HMGHFRQAC,2753.9114
NKCE2RPCBRZFJZZM,670.56354
CRTECUWZXMV2YZ9G,2502.6113
RNGE9GWQJSAAFF48,10313.186
WATDXFGTP3FEMGEH,12330.628
TOPE5WX3KMNXGUGM,5525.932
CRTECN2QZFVWZMTY,1792.057
WATE26J7Z9MEZZKH,12692.375
NKCE5EF4H8C5MCGD,2221.7932
TWTEHH2BCWXHVTHF,3692.0662
MATEHF3PGYP4ZDPB,9009.305
PCSEAKVBHWNWCHGU,6305.739
NKCDRDWASY2HY4V8,9157.872
PCSEAH5WDKWZZ2AU,5971.641
SKIEG6VFMGKXVBDQ,6490.62
TMKEGWTM9RBGGFM4,4759.6855
TOPEHFGNNEE2ZGBU,11969.247
WATDYFQ5UHW3SK4N,9731.322
NKCDU4RZDXGZHGGA,4009.802
RTRDVFAPZMNA8CHC,671.5438
MUGEBFGY3HVWBKY4,5965.67
ACCEGYPF35GBXNGB,496.77393
CAGED6GK44DCXKZM,4793.7354
NKCE88AHRCD7KNQT,6506.746
BRAE6ZCHAQFRYMQY,1785.801
CRTECN2QUZSRCEN4,3881.1243
PTPE7JZCBGGKPSGS,4051.654
WATEHXGUJCYK88TF,1268.9493
SHOEDP7ZGYFKGWNH,1714.7572
DRPEHYHMFE6G3XZG,4430.98
WATE2FAHSMPK4TPR,4776.851
NKCE9ZGXYYRZTXZS,9790.015
NKCEANMPGYRNMZJP,3612.8064
BRAE2NF6XGU42KGQ,5154.5405
SHOEFPMKKVP2SVZD,5292.404
WATEHYHPZSDEGFBT,4422.2886
ACCEAZCVBHKKDVMZ,6309.549
SHIE4THTCWNHTZXM,5290.1084
BRAEBXRBCCJAF72G,1345.4332
WATEHZZSSCU4YXYG,3611.8296
VLBEHHW6ZWDUZNAJ,5485.4814
KTAEHE9KFCMVVSBN,4082.869
SNDE9HRW9ZVPG9A6,8367.707
PCSE4A2ZBHGAVCDF,1343.6628
SHOE4UC3MJZF3VFJ,4646.3315
JWSE9CZDPATTCRX7,7785.063
TOPE8YMASZEUXPRY,5301.465
ACCE8WYMVWNXBBAH,3998.46
JWSEBCY4HHXYGZJG,6173.5503
NKCEDFNHMTWNTVHA,2163.9534
TOPEHZNZ9YZYYAPU,3441.0906
RNGEDAK2HFRD72HE,5619.6743
SLIEGXZYZTTSZD9C,4190.5728
NKCEDCT9X6VHCF37,2848.33
PTPEAT32YEZ7G4BB,4386.916
CAGDU85YYWZHHNGT,3694.2185
BRAEGJFX7PSVECHP,5033.37
BRAEBG4DCHJMRYZZ,6949.8735
RNGE864HQQUYJQHB,5368.742
PCSEC86VHTYFJHUW,7278.0894
SHOEBYZGZ682N4K2,2468.4104
BRAEDX66GWPY6KJ9,5930.908
TOPDXQWEF87REHYJ,5485.847
NKCECZG4URZY9DZ5,3388.3625
TKPEH9F5BQTQAMSC,5901.0405
WATDZ5HGF5UXGZVG,10498.483
BRAEBBYRYTEEDDA9,10709.948
NKCEAFM7PNFKNZSH,4059.7014
TOPE3NVYKBXFRYSG,4952.2188
NKCECGVAMX6ZGEVH,2312.3906
DREEBAQ9YMYF2Y3N,4890.864
MUGEACY8EVX5VAMD,4473.898
CRTECN2QSZFWPZFY,3628.9475
WATEYAP3GD6VYR5U,8509.262
RNCEGE7HZZRPMSRF,716.0438
ACCDQDYBNKEVMMCU,6321.2812
PCSDY5AFFB4EXAX6,12224.061
NKCE9G2BHRUF9TWB,4770.311
BRAE8TFHZJ6A2FFZ,2216.9333
CSOE7JP6ZHUG9HZR,3402.738
JEAEHYZMPCBH3HCZ,4065.5232
FABEAJUHKKTRCNQX,2915.5786
JEAEGFMQSBYX5M4A,7250.6685
NKCE9YFCMXP7QXRN,6490.719
NKCE9TBYPBNJYZRS,341.01932
ACCEDNXYRZWBPFDF,8502.953
SHOEHXFAMFH3PDHY,3852.3445
PACEB2XUZJWEY8BH,4776.11
NKCE6XU6USJZXSB8,11496.048
SWSEHTRZKX3HZCMJ,4395.6284
PCSEC86V2Q6P7PAB,6677.2246
NKCE6GJ5GD7KR8KZ,502.31766
CRTECN2QUAQVZREG,3076.928
CPCEJCCPYGHSTWTF,6178.7725
NKCEBBEYX8NWRXHA,3772.638
BRAEBBMQWK9K65UU,2105.0608
CPCEH2BTGUYS5XJB,4208.5786
WATE3FAXGFHMASYX,2860.646
NKCEB98T6AZZCH8H,6298.599
RNGE7M92NWJJEHDD,6457.1147
RNGE8URWFPRT4QZ3,7188.546
DREEFFG5PA6AVFH9,6014.1133
DREEGNWGSHTUKCZM,7892.895
LJGEJ3G6J6Y4UUH8,5960.332
NKCECZFZNVGGSVBT,5539.2344
ACCEGZ6BDHTWARMS,414.30862
TOPEDFACGQGAAAST,4280.185
NKCDU4RZCR2FGCCU,3436.5808
SHIEBQF6VHTX2HYZ,5831.9478
PCSE9Q6VCVMWRAPN,358.82297
PBXE9A6DECDDMJHH,916.7925
SFFEG7FXSSCPUMFQ,572.3608
NKCEDCT9Y2YDXE7H,5918.8877
NKCEBMDCG3PEZTHX,11418.758
CAGE53FSJHRA3SKZ,3899.6223
SNDEE5FM7FEKDRKR,3904.9014
CRTECN2QWM2RYWZ6,2752.2876
CPCEJMKVMKTJ3WHM,5530.1934
RNGEDAPTVZZTHMY4,5740.402
TWTEHH2BXEHVZD7E,4584.88
SHOEGAJFAU2N5RUR,6296.6064
TROEJF3VVVJHAGBJ,6750.1323
BRAECKHYM8BYAKHR,6730.845
NKCEBGJZEMQ4FK2F,2250.866
SHIE93F2DYWFVQNG,2387.5256
ACCEAZCVJZFACTYS,1520.1246
CAGE4BQYUXBFXZVF,6895.183
CPCEJMM7HWCNNGBR,4579.7456
NKCEAVZ3KGJFW6FS,11355.025
CCVE3Q2TBZRQYZSZ,703.10443
TFHECYGAREJ2ACWS,5053.143
CRTECN2QTH5UTZFQ,1417.6349
NKCECXEAF6GMGJTF,6252.9536
CRTECN2RFMUGEFRZ,2463.0417
NKCE8HVPHGWPPMQJ,2862.8357
MDYEHDH9HMZPANGJ,10266.575
NKCEBFWTSPVWSGXF,658.22656
SKIEG49YYDQ2QDKM,11515.596
NKCECZMAXJZH6XJY,8810.763
WRSEGHG9XGHVRSJR,7399.768
NKCE9G2BYZGJGASJ,3946.1482
HRCEGVM3ENRZXEPB,7920.8545
NKCEBGPNHGQFQWSU,4308.393
NKCE9YFBD4MBHHWZ,6324.5728
CAGE4Y4FZ7H9JZTB,346.78558
MUGEGZUNY75RZUNG,1954.0447
KRTE5RNER2AGFGCV,2394.7864
CDSEG6ANKKXHFEVX,793.4472
SGLEGBV6ZYCNDR8F,5931.2983
CRTECN2QXZCWFWHR,3512.424
ACCEAZCVWMCUN6MZ,1280.5492
KTAEHE9K8CQJMQCV,2767.285
PBXEACG29J4ZFS5Y,3081.458
PTLEHK3XF6HH8ENC,1383.8453
RTRD3849TERR75YB,268.71585
BOTEEMN6NM57HSBU,2617.4512
PBXEB34ZWNXHWUGV,334.67923
NKCE38HCHH7XVHZ7,671.3724
WATECGG4W76YEBUB,4662.515
KTAEGX2WM2MBUSHJ,5772.5503
CRTECN2QZZACHGYQ,2285.7424
RNGDVVYB6RGSAWRZ,4113.7485
TSHEHU5RKERGP5SG,5010.9043
MUGE8S9KB8DUER6P,4380.106
BDGEGEGDXYHYAJQN,6762.2505
BRAEAZEFXGVCTJJN,7548.3228
ACCDQDYBZEQG6HPZ,8413.453
CAGE6FYKT4NSENUS,4656.987
LBXEHYZYWMMQA6HT,5788.449
SHTEDWTVCEUBHNJN,8509.785
RAQDCNWAGART9UVZ,3347.6208
SRTEGYXHGCTXUBD2,7044.9663
NKCDYRHGDS3PFHWZ,2211.483
RNGE86J7FRTSQWCR,5803.1133
CRTEA7HARUAWC7VG,2697.994
PCSE4SFFZWMNJCAG,12223.471
KRTECQSNY3GFESAZ,1232.2191
CRTECN2QU6HG98UZ,2762.4885
CTPEGGFSTGPEZEUZ,5345.0938
BRAECKHXH8BU3HBY,7139.7896
BRAEE6YMMWFFJNB9,1364.669
JUMEJB3YYZM5HSPR,518.6889
SHODYGFWEWCG6S88,4183.0366
SNDEDKKXMX8ZGVQR,6029.936
PTPEY6JZGMWZF8H3,6060.4375
TOPEH3KTNUUZHJEZ,3317.5828
VPAEHT6TNFR6FWTQ,700.9759
CAGDUNH36EAX85G8,5324.812
ACBECFGT5ZWMXAVZ,9150.339
NKCE4CSZWA3EAF7G,449.9421
BRAE5RZ6UGSFD9HE,1377.6455
MUGEB7J7SPWJTRDC,1910.6562
PTPEFMKUTCGZB5G5,2978.7761
CAIEGP4YSZ4GNUV4,4439.8843
NKCDWBPZGZW7X3MH,4983.5684
SWSEH99SSMHCNFQ9,482.6007
SPWEJ8JHFG9PTDUF,914.48706
HMBE7G34Z5CGHWYV,1551.3348
CAGDTN27DEWJYUHK,1006.0469
SHOEYVXVYAVXACCW,2908.6895
MUGEACY8CDCZTUMD,3199.2146
ACCEJR2FXPFFX5H3,6019.45
NKCE5MEFYG3PUGXK,3003.997
ACCEGZ66Z3SSJEGS,1272.7102
OTYEHQ3FPHGKV36X,3752.784
RNGEDAK8ZDN2J4FC,1823.6903
DREE74XGZFU3T8TH,3015.1226
CAGE6GQCCDSWABFT,3905.383
SNDEDGBMM8UGED7W,2150.5044
NKCEDCT93M9UCFF4,4335.39
BRAEBYMGFCDFCEJX,1339.975
CRTECN2QTARWPXSU,4654.9263
PBXEDDEFV2FSNH4S,12140.618
VESEGZRRFGMV9JRD,4941.1387
BBAEBSGBZHAAQNSZ,4703.0073
NKCEAFA9TT2YCXGF,712.37463
ACCEGYP2U9GYXRBX,4071.286
NKCEYUVRC28U5CEK,7095.2495
SHIE9HH3AFF2GXZD,4412.713
NKCE73V3N6ZSSGKT,1354.788
ETHEJG9FWZ7NZ3GK,6715.2036
CRTECN2QWA68UMF7,4629.562
DRPEHYHKJX3VJS4H,4395.593
NKCECFGDJGFGXYK3,397.73615
KTAEHETWZZ5KEAT9,1440.1082
CAGEBTJBTZ9HK4AU,1173.021
NKCECKHYH64EPAVZ,3596.6902
NKCE9PFFUGQPHF3C,8185.9683
BRAEDSGQVKFWUWVQ,8290.816
ACCE8XZMD6J8HBY3,6651.6763
MUGEAGGKUQE2HYPZ,2372.8694
NKCE6GKJTFMH5P4N,3201.1602
NKCE9PFFZCSSMMYC,5047.1963
NKCE9G2BZYKFA4UQ,3113.1865
BRAE6ZCKBUYE9PTV,2081.0686
DREE4DF4AD9ZZHEX,1276.0194
NKCEAY3RNC2QTZXR,1575.1642
RTRDRDPR9JHCSBGH,6784.9697
PCSE4FKCZ23EPQFS,8286.71
PBXEBJ4N3HJZ7R3G,2936.7715
LJGEJQ4MHZZTHGPQ,4174.236
DRPEHYHGNAF5UYUQ,4647.403
BRAECVGYZGZT5VU5,2188.9207
NKCE7MMGPQTPZZ4H,2465.1309
TOPEYZ3FCMTYGPVF,5444.9224
CAGDU85YG8UZE7MX,1917.308
BRAE3TSHZWSBH2UD,4844.846
RTRD6FYY7B26SHXC,684.56104
WATDGFAQCFCVSJPA,8918.537
TSHEHU5RZMHH3AHV,5378.8496
HMBE7G33NPATJGH5,1504.4965
BRAE9RDQHWKAKP3V,7463.3716
BRAECTFYJJNYCY3X,7138.9478
PBXEC8ASYZ7YS7EZ,581.2704
TOPE45NZKEMCDZXX,1450.006
SHOE2FQCMD3TAYMF,3398.0962
BRAECZZTSHGQZXDB,3528.494
NKCE9PFFKH97YNZH,4792.0117
NKCECGT3NM7QF8WE,6953.936
CRTECYY4GWBEETBG,2567.0618
NKCEC8ANGCPBJRZ8,909.65845
BRAE8JUGDZBU9VR7,7366.0264
NKCEBUPHRGF95VC7,2148.8538
CAGE68FFZ2ZWZVHQ,405.90726
WATE2FAH5NM8VY5A,9075.299
SHIEHXZEFKZK3FSS,876.275
BRAE6YVWZ6KH2ZBQ,2747.1956
NKCEF9GTBBTUSVTS,9072.0205
BRAE3TSHYRVTD8GA,6095.2285
TOPE4VR5DXAHVAG8,4549.891
NKCE5YA94NVQ6TQ2,389.01852
TWCEJFXHKFKVGPV7,6463.326
SHOEAVPFUVHJJRHT,2360.9458
RAQDEHGUB5VZTC8H,3191.2957
SHIEBZB4D4GDYYRS,4458.1636
NKCDY44FCVDHFMHM,1091.494
AIREFFFUHNZVZQVR,6006.7866
BRAECKHYRHKCKCKK,8072.731
RTRDZBJ5GRMDUZ8H,910.0139
RTREBTANEFURUPYE,6445.1924
NKCE7ZNGGKGZKEYG,423.6777
NKCEAKKRNRCZZDV3,4891.9424
FABE92NVEAZSZ5ZP,4586.6265
NKCE9QTMY3BFZCQD,2945.2656
LJGE9TGN9YHYZEEF,4427.6357
WATDNJVHHKXKVRGF,1509.9288
CSPEF6X75KQDJNF2,2246.5847
NKCE4VA49YHSX6KW,8323.962
POSEJUA75X5VGPAJ,7427.6445
PBXEA92SYTPCDYMB,630.55554
NKCE3KVS9DFHXFPH,3875.9314
MUGEBFGY49MKHHRT,2746.994
HACEGPF9FDKV3EPK,5273.7485
TUNE6BCYWTRKGGKA,9164.141
PCSEB3FAUUWKEPEF,8454.494
NKCDU4RZ2GGYUJGM,1372.4637
TOPE8N3AF8HQ4GYA,6205.015
PBXEAFRYZSFHZ2CP,1120.18
CAGE9ABAQS8WKHHY,405.8603
CRTEJUA3CYHVYNHD,6038.1084
PCSE4V8GWTGYMVFY,6047.147
VASEG3YYGEKHXWN6,3672.2473
JEAEGGED6PZQCGTQ,2182.7014
SNDECRS4R3DV9QXU,6798.455
PBXDT4FTQGZGVCNC,2671.3018
BRAE6AV3ZZQHKDCN,7769.5747
CAGE8PKGBKNCYKJK,776.41223
CSOE2V29ZTH5A3QU,3960.6611
BRAEAW9HSZNM5URR,1227.517
BBAEGGYMPH6QYBFF,4122.798
WATEHYVPGMHURTKG,3056.029
PCSDY5AFGFAQNCY9,1750.4756
JCKEEAEZMGBEXQFK,5395.654
WATEYAP3S3TD5EMR,10495.263
SHIE8M9PWUF5H4SF,7063.105
LPBEJGFEZNV23SVG,1746.2975
PTPDXN7BGMQBZUTA,2661.6003
PAEE7ZWAGCXEKY8B,7767.358
CRTECN2QZHEJ6WJC,3336.3901
FABE92NVZGEQ4HY8,2293.7078
RNGEDAKEG2DV5Y5D,6130.906
JEAEGEFMHBQGU5NF,2084.8093
NKCEAY3RKEPGNWWV,3562.6838
BRAECKHYUPMRFRTZ,1028.4451
PELEGTPGEMCWUGS8,4068.6042
LINEAVE2XKZNANN3,2726.485
RTRDNGVMAKRQKH7Y,3041.569
NKCEFG3D8UWFGKGE,2695.097
CRTECN2QVUET9PQ8,2903.2837
JWSE346HBDCSUGR6,4834.0557
BRAEA2E7XHZHG2AG,2024.3864
PTPE2SSXSTFH6HYY,4896.2603
BLBEJR22ZT2WUKBZ,8819.798
MUGEBFGFRPNWGQTD,1770.6989
PCSEDP3UF6EYPZZX,441.3689
ACCEGUY72CYWXAEW,4735.4517
MUGEACY8HGXBNPB7,4144.9985
NKCE5VAAU2Y7ZW2Q,864.0143
NKCED53EQTZ6R4WQ,2658.4788
PCSDY5AFPWQBABVU,8414.673
WTDEDGHHGDEPSSRR,13346.06
SHOEHEP5EWSGZ7XA,3467.5457
RTRECEYMHGP3JXFV,10875.224
PSUEJA2HRBPYHA6K,2535.84
TSHEDF3HADCJKGWD,4014.1238
NKCECGT3BZDXZ3ZH,326.5434
SNDE85CH2PN36BUZ,8493.17
SHOEFVT74G5BYHDY,919.9833
RTRDA4U7UE3Z7UMB,496.30743
NKCED6EXGZZKTGD7,3473.0425
PCSEAHJCVPRUPVHX,2459.2893
NKCDZFFRZEEMHAFJ,3156.357
CRTECN2QVVTNPXXN,1327.9381
NKCDSCF3HNMXRCF4,7260.561
NKCE8JXSHFBBQDKY,3286.6768
SHOEF9G8CVWHRH5M,494.64038
CAGE2MACSYZCWHFG,297.95358
TSHEJT2R2XQJN8D7,6625.2607
PCSE6SJGQCXQGC6G,7601.266
PLLEHQUGEB6D5FCX,4628.9473
RNGE7W8T7MYQQEFR,1424.5394
NKCE96SXDYMGSFBR,1216.6412
BRAE3TSHYGDRV2UC,1669.9083
FABEJX2NHNKCYHKA,511.42474
BEMEGFHSMHZYNZB8,7264.728
WCKE2TFF4ZYGXUMH,889.70197
BRAEDZ9GVZHWZ5BG,8047.567
RNGEH3F2FAPU3TAG,2202.99
CRTECN2QTPZCMCQD,2356.512
HACEJQ7HRGNBYCEH,4252.447
CRTECN2QZMHEU2J3,7510.78
DKOEAWE2SCYPC5AW,7977.021
ARPEE3YX9Z4QGJ86,2316.2988
JCKEJNH2AZGKWGZC,4717.56
BRFEFY5BN9VHU27H,1666.6919
BRAECKHZWAGBVZXH,2868.904
NKCE9HF3TENMYXZY,3166.4934
PCSE4SFFJSWJZVH4,5687.109
NKCEBHGBFEVC2ABB,6198.7856
MUGE7DUFEC3VUZMF,5939.44
GRKEG4UVAZTGYWRB,4081.261
TOPE4ZKTSBAEXGFR,3913.8303
PBXEAP3SWFZRHZ6G,617.2834
NKCEB5BVMYFMHAQH,1910.2607
NKCE3HG8FDBHK5GX,3732.0312
SHIE8WYNYRHSFCRR,2715.7954
NKCDSCF3QD5EGFJ2,5460.284
TKPEG27A7Z6JWK6Y,5789.0034
CAGEYFZW7F56GWZP,613.0736
FCTEJXGUNGMHANE2,8064.22
SHIECYFWJWCCHHQS,2405.7869
RTRD6FYYUQZJBY6F,4335.4224
PACEB2XNEBZTJZZG,2116.5784
SHOE2GUHSZRGGZYY,5028.7583
ACCED55XRZT9N2HH,948.5515
TOPEGVHJECVFBRMF,4582.3555
DRPEHYHN3MYJDGGM,614.8701
RNGDXNG3HGFQXGAH,900.9182
SHIED9AKUTQZQ5ZK,3684.9688
CRTECN2QST3Z947Z,3863.589
RNGDWKZMKNTUBPSF,3649.4065
DREEJY2NVHFG6GCB,2386.5874
SHTE37DQJWSQ4VGH,5520.379
NKCE9ABEYD53HSVG,5562.6636
JEAEHUHKMA8EGUUU,1352.1361
SNDEHZPDGB2ZT8ZY,4251.3247
CLTEGMUMJTPY4RMG,5109.342
BBAEGJFQZTGFHJHD,6659.4375
TOPEEERRTBB77BXA,5824.7896
NKCDWBPZQANZRF5M,3587.449
PCSECV3FSSB22FGE,6296.1704
NKCE6WR3ZWHWKEPQ,2397.46
MUGEAGGKQM37W42E,3851.709
SGLEGBV4QFHTNHE2,5139.8984
LFHDQAZP4FHGGZEM,6018.774
CLTEJQ8FTCZAEPNG,5443.188
NKCE6XU6DAWYHWQP,1227.7795
TOPEBN32XAZ62CTR,3089.0305
NKCEANMPATURDMHV,767.144
PCSE6X3YCSZEG67R,13131.111
BRAE4DHZDPMTFZHC,7176.7046
HAREGG26GDJWFYMF,1664.643
BRAE3TSHWZREUJAC,2123.712
USGEJPQHZHYZQHBU,6044.057
WSCEJTDHY9UHKP5K,9086.988
SHKEGNS9TWHJAN6Q,4994.3496
SHIE3FHYRRQGFFXN,4243.7056
SCHE4YSTYDQBDYQF,3287.224
SHIEFFFPDETWTWZR,3022.731
ACCEAZCVPTGEGVMR,8175.0005
SGLEGBV7VGZM7BFR,12194.092
CAGE7BZ56MVQGKAB,2203.7458
NKCECG6ZH5MJT4B9,2534.665
RTRDZBJ5FZSU4AYZ,4496.8037
TROEG3VYGVSB9F5H,4501.9224
SHOEHXFAM2NDZBHW,3524.6025
BRAEBBMQY9VZRC7G,6788.565
PYJEH93NGYCXNNFK,515.582
SHIE6ZSBHCNYY2CP,3352.9238
TSHE4DNGUCMVXYUH,9277.114
CLTEHE9FD2APDRWQ,4452.777
SHOE6ZVUSR95HF6P,7369.4683
SHIEGPXGZTK5B3GT,5806.7676
CAGE2XC2HFSSQNSM,2244.4058
SHOE2ZNGUCA4DHHP,700.1773
CRTECN2QXHEYVVTX,2339.5156
CAGDSNMD7GV2GYMH,1616.6105
SHIEC8ATXGYEJ4GD,4076.1238
CRTECN2QYASYFKGS,2561.9343
CRTEA7HAHHCSHCEM,5174.7476
WATEA2H8FTBKZGGG,12939.714
TOPE7T4YMXRK5BVG,708.46643
NKCEAKKRTHT8RNC8,3428.1814
NKCE9HF37STYM5KA,4512.249
SNDEG6GXFS5RYFGK,10026.672
ACCEGZ65AEVGSGZ7,760.0848
SRTEH2FVVKRBAXHB,707.365
NKCE5QSZ6FQSNBDF,2900.9753
SWIEHF3EF5PZAZUY,3244.1711
RNCEGBGW9PYRXNZY,5886.8306
BRAEDSHQ6X5YYX6N,2967.8777
SNDEHZHVMR3XPBST,4337.463
ACCDX8ZVV2RCNYCY,1411.5961
SKIE83ADUJ28U8ET,1520.013
ACCEJ6TEHCH7MCQ3,4174.3794
CBKEJ3ANRFJUM4TM,4945.4673
RNGEDAKBVC9TKFHZ,6127.846
MUGEACY82GPXUBAC,2627.2048
RTRE4VNCJZ3UPGQZ,3177.028
MATE49ATDVVEEEAN,5679.4204
NKCEAVZ3EDVJNXMT,218.70267
PCSEBXFVZSYJKRCS,8791.768
TSHEBSF9NBDWJXZW,1424.506
CRTEA7HAQQCGTPFU,3657.063
CAGE3FX7HWMQAPCG,372.3956
NKCE9PFF3WZAZZXG,305.40503
RNGE3YSW9ZUZWYQA,9741.67
PBXECWKZHWRCZZPJ,1863.467
ACCDXFA5QFCZZ4WZ,6580.4136
NKCECYNZGHYQEFHY,4178.803
WATEBYZGCFGUP9HG,1391.9082
PELEGPF7UHM3WUE8,5848.0396
MUGE9HRRWZBDVHZ6,2894.051
PELEG5CSGWYFCFNQ,719.88885
PBXEBQGMBP2VJTSQ,2173.934
PTPE4JYTPVYZ8ADY,6305.478
SHIE9J6PYVBW5ATG,2651.4863
ACCE5UKY6UXGVT9P,2559.8098
CRTECYY4DCRARYG9,2678.1626
SNDE8VY9K2JGMJJZ,7173.9663
CAGE225HGFQ4VSSK,6635.187
SHIE7PD3EF2NCGBY,4208.0933
BOTEHZDGPGFHVQWJ,5397.2686
NKCE7MMGJSVN3J2W,4877.1934
ACBECFGTRZCFBJZJ,5939.2637
WATECYMJPRYH8D3E,5029.2583
DREECDCRPFKFH6EH,5177.6504
CRTECN2QVZFZWKQS,3983.899
CTTEH9FTTMQQHD9V,659.2674
TSHEE4WNPAZGNG97,1545.4523
CRTECN2QVS6GJZHS,4504.297
SHOEHYEXVYZRGMGJ,3655.1846
SHIE9FMPQBGXGTTH,3730.2375
CRTECN2QXRVZAMUH,644.90155
MNKDZKF6WYMMF2M5,3481.4583
RTRE63NMMRZ8MUJT,1549.2201
NKCEA8US7TNGUJPE,887.538
CPLEHB7C7QYBDMTV,823.32
NKCEANMPCSWGRBH5,10434.719
NKCE8NDJ76XBRZ2H,1953.0123
LJGE9YJHTJZCQ5VP,154.84871
JUMEHGYX4SXZB5K4,6098.9663
TOPE7QTUPGHXCBGZ,6117.518
JEAEGE5F2DTDJKCZ,3140.9114
ACBEAWCZBU7RZGGJ,3590.5544
PBXEACG2NG3RZZAF,615.692
PCSECYY4ZSXXVKFD,8315.545
SHIEBBWHC4YGH5GY,12183.89
NKCED7FPT2YG2GGS,3551.841
BRAE9C3HQTDHK7HA,3016.8523
SHIE7ZWAT8HEHBZX,5785.584
WATE8H957FY57WCH,1544.6698
TOPEHZNPUWSFVHKM,654.42426
ACCE7B8NZXHA5ZV9,7303.023
CRTECN2QVBDPEQQ2,5257.91
HACEGPF9EMXPSEJU,710.48175
CAGED4CHGZGWRKEB,410.81265
SOCEGHM6JKRDJY33,9535.149
BRAE6ZCHDGWRDHCW,280.93243
MUGEAGGKFYCFTBUJ,4569.933
NKCE7MMGKZPBQQS2,4332.6694
PBXEBQGMSHJDXHKW,3828.8303
WADECHFGPKW3DHDX,4253.2524
SHOEG7NXNBF9PPJV,9263.742
SRTEH2FVUHAAVH9X,397.66193
WATEYAP3WGHZZ3FA,1358.9352
DREEAM8QTHGSDYJV,3610.4578
PBXEA4F5VFXHSCY8,734.3483
SHIECYFWYYZHU6NR,1237.5413
DRPEHYHJQNGXBZNU,3721.5452
MNKE75M6XXECTDK6,2073.1235
WATE9ZYZRREUHQN4,4448.432
WCKEGM8FGU9ZT8QG,1272.5492
NKCE9PFF3GCQYWHR,835.07733
BRAE9Y5V963WTTNW,8450.777
CRTECN2QWTEBGJAJ,4363.318
PBXE4RB3HNFDXGGN,3278.0583
PACDZTD7YB2EUMYE,488.1724
KRTEJNFUHUUXGPZT,5229.3076
RNGE87FCDRS5ZFGG,4917.0903
NKCE5H4XW2PH6KFH,8381.586
CAGE44J5NGQHXMHF,9818.247
BRAE3TSHZRMGEHDM,4096.185
NKCEANMPKCEZADTJ,4218.4976
LJGEJPFEVY9GXNGG,7074.896
BRAEDSGQVSTGKAYQ,1455.4379
HMBEJCMHXNY6SVVY,2642.4978
TOPEYQHGTHDHSJNM,3868.7278
TOPED9T33BGVTQZS,5536.063
WATECDB6HPXBVXCF,4734.892
BRAECPQ5HFH5NFAK,971.4623
ACCEGKXQ8XFPHC9T,4612.124
CNDEGP52ABJZHGZY,1609.1055
NKCDU4RZXFGBQBBP,3804.9177
NKCDU4RZYKVHDKUB,6513.296
SUDEGGB3JXAEBFYW,1400.1576
BHGEGTATDSHFENHT,4915.649
CRTECN2QWSVZAX9V,1053.3693
BHGEGTAVWRZQTU6T,771.4486
MUGE5HG8FG7YJHMD,1769.6451
TWCEJFXHMSCXWE9J,6678.697
TOPE8ZAFZZ6YMGFY,4954.818
ACCDSY8EGJPW7RJB,1378.5967
SHIE6ZSBHDEBFCGM,3739.505
PBXEDDEFTWAW3HCU,410.798
RNGE87FCDWVPDTKV,3351.2961
NKCDWBPZVFY7H9UY,3058.3274
PCSEE4H5CYRKNRZR,615.8957
CCVEFX3Y9DFJVJUU,4174.928
DREEFJ44EBBUEKKY,6887.769
TSHEJUCY9HGZMKHJ,5351.2046
CRTEHSSCUCMVN7SP,3531.153
ACCEGZ5PGHCDZTNY,3677.8352
KRTEC89PH6PVAQDT,1847.7836
ACBECFGTGENHAGDR,668.6029
CRTECN2QUSZGGH6Q,5062.3647
SHIE45Q6SJGSMHTN,3513.9714
VANE3KUFNUEGQNKH,6633.7827
MUGEBFGFM83MRVN7,2349.723
PCSE6SJGYMZB6CHV,13062.662
BRFEGHPHWBTHAX2X,12408.365
TOPEB7BFCW7YG7KG,6994.1255
MUGEAGGKJM5GUWQH,6111.5933
NKCEBFWTSMKDQZMR,699.4168
WCKEGGN2J66F3KAF,5616.147
NKCE49ATTPYAPNWB,6420.2886
BBAEJKEC2HXUHKQE,4279.718
BEOEH25NTUDGG5TT,1127.4373
NKCEBUG2XMBRJDGV,496.60184
MUGECEVFKZHBDRWM,3716.5808
CRTECN2QX6RSYSRG,1150.6486
SHOEH4GRSUBJGZXE,1564.8585
NKCEAGXHHAAGNS2H,4752.2974
ACCE3YFFWB4HHHG2,2833.9282
SHIE6ZSBWSCTKVTQ,2501.3464
BRAEAQMANF5GRRDB,8803.876
BDSE7WQ37UVSX7SK,4284.4395
CRTECN2QUT9HQH2T,451.2792
PAEEAMGFVDHGDRG5,12074.241
NKCE5W33KFFZDSDY,3892.5798
RTRDRJF8GJ5AFZTG,2749.9714
WATDA5ZAXAP2VTGQ,12369.192
MUGE8NZC8ZHZPNFF,3072.972
AIREGYYZRAPHRFGD,6966.7397
PBXE68H4HF9ZZWAB,11161.068
SNDDXFQHUDJDHZG2,5449.6113
PCSE4VAVWZZECB84,8549.599
CRTECN2QVCCD9PHT,2856.1873
NKCEAGXHSCG9YHAY,3147.5308
NKCEBYWTBUEBCND5,4859.108
NKCEBVFYZHDYZGHD,4391.0845
SBGEGE6TNPUX8STE,935.6286
TOPEFCVHACWGSVHY,5107.0874
SHIE8QE6RMNSGPAU,3362.53
TOPE5F53Z6W4V2CP,3085.3176
BLAEE6KTGFDV8NGP,8190.3394
TOPE89H8PCWMHBCP,5645.5005
NKCE9ZWYZAEAGVAK,4448.202
DRPEF2XSFBAP4SUZ,5216.2666
NKCDYHF8ZEK8ZM58,3461.8054
SHOEGRUNZPJDGG2Y,4628.3813
JEAEGFMZ7SGJWBR5,5598.471
BAREGGF8JSE3HTF9,4989.487
SHIECJ45TFDT4EPB,2721.4873
CRTECN2QXUBGMWSE,3129.6086
ACCDVPGKY3GBDB5P,6841.0
CHGEJCWFY4HFYVZ8,1694.4065
NKCE9YX2HGNZSZRV,11945.74
DREECJD8CZDDUJNU,4178.0493
PCSEC86VEBNYKRB5,11265.047
NKCE93H2ZTHJGFVS,2720.9365
SHIE5HBGDYSHVA5R,2359.234
DREEDVHXDYJCAEBP,10874.74
VLBEGFFEMY8ZFEMJ,542.9477
HCSEHGV96WXQCBN9,5015.7812
NKCE64Z489PQN4U4,3548.1487
NKCDYQ3RPPERYA9W,4758.769
NKCDYRHGP2UFXMT7,3297.1677
HFCEGNQBS8P8EDHZ,5582.2935
SRTEGWKHXHCF2TME,6633.134
SOCEJPT5ZR5ADJA5,8175.72
BRAECFAREVYWQSQG,996.99835
SNDEDTCXWCGDH2HA,5745.053
GLSEHPS7UYJVYUTR,1193.7815
BRAEBBMQWBGB5ZFQ,2222.6445
PELEG5CSGASSHHBK,1059.619
ARPEE3YXEPFNJGUZ,7238.647
RNGEDAK7ZDCDHUZF,11287.345
SFFEGG74CMKFQVHF,3102.568
NKCDTAXFQMHPMUTQ,8013.766
CAGE9ABB78YZUHEQ,8778.559
NKCDYQ3RCVCSYD2E,2903.4873
BRAEBUHYHEYKZKHK,6956.3276
WATEBMY8HWCHMZZ5,4647.5093
SHOEBYWT3QBBAVXJ,5323.659
TOPEFGG8TJGJ7QDT,5314.6025
VANE3YXDHDRWR9FU,7049.6997
ACCEGKFHHFX5B8HJ,3561.0657
RNGEDAPSZFBHAGJY,4767.2134
LJGEHFBTFDGHGGWD,3261.118
NKCDRDWAZU9ZJNHZ,4581.98
CTTEH9FWFHGR9EPK,1270.3064
BRAEBXRBH28AMHPF,8185.86
NKCE7MMGPQRJ3PEH,2912.444
BRAEB9SJUP6T68FB,3176.2659
MUGEAYHPFEWRVJH6,2221.0688
NKCED6EXRYZV74VY,795.2405
POXEHPSHDKBCTWCF,5284.8325
SWDEJWDGXNYEXPXF,2607.6423
PBXEAP3SVFJRZJK2,3950.1777
NKCEBP8AQZGMMWT9,5283.5522
ACCDXH5JGXMTZFTZ,7484.5913
CRTECN2QZUD25VFN,1935.9795
BBAEC897YCBZPV8H,7000.9985
PENEGGTYTYGDHXQK,5007.8857
NKCDW898UNJX5BWE,4851.392
NKCE8ZJ2643HGFYQ,6653.9556
PWTEB7H2E4KCYUE3,466.14078
KLSEGTBQ6PSU8NTG,9401.25
TOPE7QTUDHZZZHVS,3539.5105
ACCEGZ6BY4ZPBWWV,767.3182
NKCEYUVR3MHTVGGJ,11446.997
NKCEB2S9CGCM3CCQ,3516.848
NKCEGGEKZXHG2ZGN,6188.817
CRGE9667SJM3Z4PH,1274.8868
LBXEHH5WRYQQGNSM,5484.529
ACCEGKFHRM4ZGYZP,735.7052
BRAE4VPRPHT9SYZZ,1794.8632
SHOEBDTHZDHFPHHG,5217.9077
SNDEJGYFP2AT3FMH,919.1486
CAGDW63HG5JBCVGA,629.84985
TOPEBBGNQEVQZ2W6,4350.144
TUNE6VK2GCBPBYFW,1097.5007
CLTEGMUMNQXUEHHX,6326.136
PTPECA2QYCZH8MBV,3197.3054
CAGEBTJCMAJG7NW3,2324.124
SHOEDHHSRF6FMWGA,2337.3477
NKCE9Q93AZYXVKYN,6910.476
PCSE2ZMUZH9PARZZ,950.0733
NKCE7MBRM6JAPEAX,784.1493
CAGEBTGEHMQUS8NH,6736.299
MUGEBFGFRUMZGKNN,2447.9485
CRTECN2QVZZS3FER,2139.2715
WATDJTR93NB8HHQC,7261.1416
ACCEGSAZPGAHTHNH,4661.366
NKCE73KHF8KTYMRQ,3825.52
TSHEHU5RW2VDGFKZ,5647.253
CRTECN2QUHGUJNDZ,3691.3215
RTRDNY65WHG9FHTS,8586.628
SUDEGGB473ACY9MF,393.2604
SHOEG7NWGF93MFVT,4874.3584
SGLEJJ6HEU8GVW4W,1673.9308
MNKE5YG7USVVTPCZ,2346.6497
LNGEBDTBGWTXTYWT,4837.9067
SHOE652MJRRMFBEF,1955.7155
NKCE87C3C9QYYBTM,5131.083
CRTECN2QVJBRMHRN,3005.5193
NKCECPQAERMCV6YM,1509.526
SCHE82QGQ2XPDCYM,4148.9336
TOPE8ZAFY82P7AGT,913.4752
RTRD4KY4UNGYCZFG,8260.075
TOPECRP5KCUZWYGA,3400.4602
NKCEBFWTHMVVNRDP,715.86255
CRTEA7HA7X3CW7YQ,3603.528
NKCDXHWZHPXRF28E,3204.7166
TPYEGGGZHDFZWZ2X,1727.2017
ACCEAZCV9DGDZDDD,7708.193
CAGE7DUYEYWSYGBY,843.8867
SLBEG68TKWYVGNKT,6828.008
NKCE7MMGWBZPZJSZ,2467.7122
NKCDXHWZGDPDJG7X,3889.785
CAGE8XYYGMRKRRCH,7728.722
PBXE9FEBPXAKEYAP,10515.864
CRTECN2QZVH3J8PV,3837.6487
SHIEC8ATMHEWET32,3240.5264
RLRDY36SXZNHEQWA,6030.77
CRTECN2QVP7WKETJ,2314.0498
NKCDSCF3PH6MPP5N,2725.7444
BRAE5PKZ8QXFHWGK,1901.4117
NKCDZHF7TKGY8BAX,3350.5173
BRAEA8YRRGJJWVHB,1876.0399
CAGED3YQSJXNZRJF,4251.426
CRTECN2QZH9J6EHK,3078.623
PBXEAT5YASJRMNG7,1994.2941
SNDEDGAFFSHFKZN2,10920.062
BRAEBXRBYGYKC76H,7524.811
VANEB97UCYGMNHRY,6790.0557
CAGE9ABAPMTWEJGH,5385.5513
TOPE8E8NJXHZ4S9N,4231.416
SKIECYAEGGB8EPWU,5973.6953
ACCEGKFFSRRVD7Y8,857.2786
NKCEYGTG8H79NJYY,6513.592
NKCE5V95W2BFNBCZ,2847.5063
TSHEHU5RTMMTFVFG,5779.3027
NKCED6EYRDRJKTPC,11389.621
SHVEGZUHGVYZBRW8,11496.317
NKCEA5FHSF4NWKBT,294.90198
ETHEGMHHGGCXMSYA,156.09306
MUGEACY8U2HXTXZ3,3634.6443
SHOEC8QG3CV6YYDJ,4704.351
BRAEBUHTPZGHB6HG,7303.648
CRTECN2RV7NHG8XK,4394.0454
TOPEFGG8FEQUZSMS,4939.403
TROEGZMRNERWAHEB,1265.078
SHTE7FR4YZZ77Z9Q,6241.848
BRAEDZA3KZVHZZHZ,2000.4027
CAGE8X8XGZGQGWVN,4337.366
VPAEHPYYFKG4NG39,4202.1523
PTPEFJHG6SUSBPG8,5089.8364
PTSEDAZU69CBFF2M,5058.1357
BLAEFNHBFWEXG6YM,5756.845
HIFEB7J3RCFHZ5DB,6464.851
BRAE3TSHZWH8YWED,2581.78
NKCEANB7H8P6QY4K,1939.6871
CRTEB774Q8HJYPMB,4708.184
PCSDYQEVGFZSGRQJ,1139.5255
BBAEJKECZ2ZNAUZQ,2250.953
BRAE6HUHPGFHGEER,4748.613
NKCEFMZUGH4NG7F6,2652.7493
PCSEE4H5ZCFWZZRZ,1744.8673
BRAEB96BZWFCDVY3,9336.814
SNDE95MFPFPJ66M6,3187.039
KRTE9JEZ28H4ZWM4,1329.0363
CRTECN2QUTVCTHHS,5862.1006
CRTEJUA36GHKGQEY,2590.0662
SUDEHYGUMVVYKJCW,4768.597
WATDUNJ7YKMGG9RZ,5649.2544
DIAEJUCEZNKKK4FK,2636.6648
SHIEBZB49VZZQRKK,3947.6506
TOPEAZ88AGF3KJHS,1725.8373
DREECR3HFXYFPHD4,3796.0618
NKCE8SESAZ4K8HZC,3969.1624
SNDEE5FMQ5YQAKMZ,5443.326
RTRE9N5GJGJ2GMRV,686.3101
WATEBNXNMQQQFSQG,4504.231
SNDE3E6YB6AZJDGC,12188.695
SWTEAW3STNNJSKNP,11936.098
NKCE7AGZQB7Z7UFM,2733.001
WATE7VE2MFQWBF4H,596.3431
PCSEDCWJBHDR9EYU,993.802
WATDZ2ZQHSAYJPWK,9940.906
DREECJV2GVFHGQB7,6944.922
ACBECFGTZHFZ64PN,6384.2847
BRAE3P8YHGJF5WUZ,2817.6482
DREEDVHXSAAZSBTZ,2317.0261
ACBEB3489M4NQZBD,4764.357
EMSEDSHQ3VU6T8Y2,3452.4937
SUDEGGATDVCMWGGH,4554.838
PBXEBESSDYBYUGXT,8771.442
ACCEDFVFVMKXJGGG,6060.297
BRAE3UG9P8GJXZ2X,3390.1335
SHOEJUQFQURGGFY4,1340.3877
SHIEJYHMR7DUKT8W,2998.3835
SUDEGGATJKZYUZUP,2457.0388
RTRDZBJ5VAZG7VGC,7313.258
RNGEDAKBZPHKHGCQ,6545.302
BLAEEH2ZJ3G9DA7G,6356.6226
SHIEB468NVUG5HMP,7674.4673
BRAE3TSHZQDVSGYY,5273.0522
PBXEAFTPFDK6BRHK,682.40204
TKPEFT4AD3ZQZZHN,6836.327
ACCEGYP259YXZJ4H,2311.9858
RTRE3KKXMVHMRQ6C,459.04184
NKCDXYFHHPBSYJDZ,3923.679
SHIECASQHFWX59GJ,3310.7195
TOPEGQKDATUDJTAG,6002.191
BRAECBDFZAEZYD2Y,1360.8756
WATE4S5RZ8P5JZHZ,11826.229
CPIEJHF6GZEM7SPY,6391.307
CRTECN2QVMFZFNGC,2921.033
SNDEGGRYTVYGPR6F,2464.159
RNGEBPU7PG8W88TV,9714.518
HMBEDCJHT4FCFKGD,7827.642
NKCEC87S2ZAZBYAR,2930.5593
NKCEC88C4GV4UFN3,5285.83
SNDEA42M6GZNV7M3,6855.0366
SGLEGBV8BENMFZGH,1767.3535
RNGE7M92PHFGGBUJ,1154.1105
BRAE3CYXV4JGWEDA,1777.1342
CBREGYBXZKY5VKSK,855.18066
CBKEJ3AN6GEACKYR,9652.822
TOPEBR5GNG9MACAD,4565.2217
FABE78FYGHF22FNE,6903.6323
ACCDX8ZWQFTTGZYK,11383.541
KRTE39Q4GVHFHWZV,5771.854
ACCEGGBTG3HMNHNA,3816.7366
RNGEGMMBCJGQGGEF,10121.168
BRAECTFYVHHKMV9H,6314.615
NKCDU4RZRCYAZHY7,3672.551
BRAECFARHCG7P8WT,4789.922
BRAE3TSHZ2XFSNUT,2717.4436
JEAEFYQHSR7BWPG9,1932.2653
WATE3HFNMGVTZEDS,2161.027
SCHE3Z7Q3TSVYMRP,4815.867
DIAEJUCFHWGHUQFP,2789.2637
NKCEASN6TXJGHZUE,5808.461
WATEYAP2ZFEV2JKG,4796.2217
AVCEJCHCDNFTHSQC,5358.893
FABE88MH3NGH8MUD,2814.3064
PCSDY5AHFNSPGSV8,4506.3105
BRAE785RYFT8WTHK,7323.5786
PANEJQ5YHAHQYD4F,3853.4316
NKCED6GHCAHTHNCZ,10513.557
ACCDVDC8S5JWEE6X,5974.424
RNGEDAK9YXVZV6G9,5257.4
ACCEGG9V98NCXGPE,4799.3286
ACCEGH6RNERXNQHW,442.73254
BRAEGP6SFGYKNNCD,6477.771
RNGEBQZQGQVJZEHC,5394.9033
NKCE9G2BGNV9RDXG,3262.5137
TOPEYP876AAGE9NC,3639.1145
RNGDTBQTBEMPDBMB,5323.2896
PCSEC86VVTQJN5AQ,7300.594
NKCECZG4EYKY7XEH,2567.1753
PBXE5YGWHMS88ZBW,3281.1545
NKCEDCT9CFG3HCAQ,1706.8722
NKCE3Y5PDN4U66HC,6638.8696
NKCEANMPKCDG8DRP,9803.202
RTREFDXTZ4GGGAEX,2989.8992
NKCE5WSJTFZWUWBV,5042.125
NKCEB3GZSB8GTXCT,3832.1086
NKCEA5FHBGJ9JPFY,376.21854
PCSEAN2WCFR4FXVB,1416.1761
MUGEAGGKYWKB6YGX,3999.3704
RNGE7M92HHHRXZKG,9208.846
BRAE8TFMPNB5GSF5,2270.2063
NKCEAFDAZGYPTKGF,7923.5483
TROEGZQHT4UCZVKV,4657.5576
PACE5P38T4FEUHZC,2400.9756
NKCE8E6YSG2KQEGD,3005.709
CAGE8PKGGGHUXMEN,408.8006
PBXEBJ4NUDH3PXZY,11830.156
NKCEA5FH8FXQKFAG,3900.695
VLBEGZ7SZTDCNGTE,10968.958
NKCECZG4HNVBZRYY,1480.8854
NKCE9PFF5XE5AJYU,743.50684
TOPECB4EZYHC6C3B,3038.6746
TOPEBW2YNZX56YAK,5261.7065
PCSEAKVBT8SMGNXV,1549.2744
MDYEJF57MVYHRCUN,5938.735
FABE7B2FGV9CDFZH,602.7836
NKCE89MSGZ7NVZ7D,3628.8577
DRPEHYHH78DZHUZG,691.33435
NKCEDCT9HMYQSMGV,3269.1343
NKCE7H5KZTH3V6AF,4215.6045
NKCE2W3WYHE8SCJD,5612.4116
NKCE9PNY6Z8VKAQY,6533.2954
FABEAJUHWGPHZUGU,7245.9067
SWSEBS2UXYZBSY2Y,5030.0234
PCSEC86VA2HGZGXW,5661.448
BRAE9Z5TFXB7466Z,177.17905
LSKE99UKDTDN7HBM,8672.825
NKCEBHGB3FZSR5RH,9331.473
TOPEHZNTFAHEZMQA,662.41327
PCSEAYRTZYDSPGMB,7711.4165
SUDEGGAUR7EGNEQ6,7757.3247
TSHEB72FPCF54KZU,6651.2104
SHTEJGESKVEMGRYR,869.08765
SHOE2NKQ4NXGAMYX,3878.5403
BRAE3TSHUSSFTGHN,7712.772
NKCEAHPFWCZQQBAG,3356.118
BRFEHTTQHPRGKZZY,5322.775
BRAE2NF6XZZJ6EXG,3030.3462
NKCEYUVRNDSCECZR,2803.803
PBXE84AFK5C9NMYV,4803.7886
SUDEGVG4VNMYZWXT,3042.3755
NKCE5W339WJ23R7Z,3043.1714
CRTECN2QUBGAGPCK,5786.739
BRAEGG4P8HYHRAC9,4226.641
SWTED625BMZKJXHP,3301.0554
BRAEB9SJZKCAY5SY,3897.2341
WATE8E8PCQJAQNAP,9999.691
MUGECJZ2AHNZ2JHS,4232.0605
PTPEFJHGGFH7GA3Q,3919.5725
SHOEH76627H5HRHM,4936.471
CAGE9ABA6MTKHCNM,596.84174
CAGE5NGBUYYEVZ8S,702.91754
TOPEGH27GZK5XG7P,11167.093
JEAEGFMNENQ9G6AN,1294.3252
MUGEBFGFYPNW7GQ8,2058.7295
NKCECYNZGPXQ6HR6,3911.3142
RTRDB8GKEGG5E3XG,3107.9822
NKCED6HQP5QHVGGP,816.75653
PBXEBWY3QC5WCPHS,304.95193
NKCEY8KWTM9HZKDJ,6831.2124
ACCDX8ZUCDGVWWWB,5705.5283
CRGEB5MNWY2XSW7T,6352.1045
PTPEJPZSEFCE3CZW,4912.149
RTRDMTEPFH3EVUM6,336.39548
SHOECQQFYNSCRFBR,2731.5286
PBXEBQGHT5PYSDHM,646.67584
SRTEH2FF9KEDEFGF,3707.0364
TOPE75N4JHUJCF2H,9549.588
VAFEHQZYGH5HRJJP,591.9819
BRAE3SGZXAPZKGDK,1899.475
SWDEJXHARNREQZVK,5754.896
SGLEGBV5ANNWWFZX,9597.09
SHIE7BZ9CHKNXZJU,753.4492
BRAEE3RMMRRFQ9AD,2892.8638
MUGEAGGKYSMHGRMH,2375.3474
MUGEB3GZ4ZYHF24Z,2231.2024
CRGEYZ5FGRTYJUT6,6136.811
TOPEGHZ7ARZWUVFS,2091.8582
CAGE8PKGXDZFUTHH,3034.3694
ACCEDTNRXHXZKH4G,5273.942
CRTECN2QZWHEJRGA,6722.0024
PCSEBZQ5GMBXZFCF,1556.1655
MUGECEVF7HGA3QMQ,3823.2366
NKCE6ADEUEPXCHHK,2518.1248
BRAEBBYRZKNYWP6G,2140.4924
BBAEGGDE8QWHDEYB,4490.2607
HOKE6KZCEZJFHQMY,4991.894
BRAEBBYRXQSD8NZX,2579.2769
NKCEBF56FWWZ35HR,6516.116
MUGE5HG8VVGMBN5M,3037.281
BRAE5VA9GBGW7M7K,1625.6598
CAGE7TVZ8PH9GJQU,10527.729
CAGE9ABATUHJ8G4X,10269.148
MUGECEVF4WG8JSZ9,2991.1934
PCSE4V8HRKQH5A5V,8973.367
NKCE4VA4FAZ7FTFM,343.2474
BRAE3TSHPTKBVBHK,6595.0005
ACCEGYP2FYTWVKUB,1982.1927
CRTECN2QYKPMZGNZ,2519.1536
NKCDXEGW7APJ97YS,4225.014
NKCE9ZVGJQNZWRN4,2273.2175
HAREGG26DYDGEYRH,4912.083
DRPEEZNFGG9J9KAV,1115.4098
MUGEACY8EWA937QD,4075.7502
NKCEA5FHZSG4SVZP,4353.5317
TSHEHU5RPEPPZW2R,5930.4355
TSHEGF9S8MT2MVYV,3054.1086
SUDEGGB4ES3XZCKP,1214.3193
SHODPH4GEYW54KMT,6050.5776
TSHE4F2GSWVGKG4D,6247.479
SHTEAGGFBZGZMFCF,4956.6006
RNGEH8WN5KNHEFWJ,4439.525
RNGE9HDPGG8ZHUJZ,4138.661
PBXE9EJKVEFQQTJH,5395.6636
NKCE4PZ6EPR4AKZY,525.5882
TOPEHTU46JAHMV33,4952.382
NKCEBFWTYSW72YJK,2166.6655
RTRDY9NVKBBNGYMU,429.00858
CAGE3GFTKFNDSUJY,7502.7095
DREEAEB8XNSACHQB,4905.0474
BZREBXM8H66HR9CX,4144.343
RNGEGMMBHHARCJ6H,2025.2557
SHIE3QDHFYNWATPT,7741.227
MUGEBFGFYQPGRQ7Z,3616.5425
RNGDTBQURWKKGMZZ,4112.666
AIREBA9VGER68DFH,8425.427
SHIEB7957MQBWGV3,4090.6272
BKPEGXYVX4CG7UWX,5974.219
ACCEGZ6BBHDP23K8,4864.392
CAGEBPNU8TKUG6NM,2167.156
NKCE92XFXH9HH8BT,8568.408
NKCE9GR9GFMQ9TNZ,4980.327
TKPEGM48GGD2QKZN,555.0661
BRAEBP5JJA24D2YS,6361.65
CAGE6FYKDHFFNFHG,7400.5913
NKCE9PFFKZWGCJMV,2250.734
NKCEC87RGJPXNK7P,425.67233
SHODUMFYWHFYZRPY,4253.603
BRAE7DNYSXZSXG9S,257.52155
SGLEJJ7HNYDPKZ5P,5169.595
TSHEGMWZYCTCDAAZ,7109.272
PANEJQ54895A7GHS,9515.84
BRAED6C5RRZJBRNP,6763.483
PCSE4FKCGZNGNHFN,5562.5913
NKCDRDWANFDGXSSK,749.23157
MUGE9P6DPPNA4TUS,4182.198
CRTECN2QZ7DHY6GV,3220.9958
BRAE6FMZTRTKVXU6,1792.5312
LEAE8UKZFQRUTMAG,3254.3662
SHOEAPCYWEAFSFU5,4564.1914
SNDE5TY3KAETEZVX,8510.082
PBXEAFTPXKDJHHYN,3138.6416
TOPEGWURCXSZMQ6H,2969.2024
NKCE9Q93NGS45HGG,7423.1133
SNDEAYZZWRXJSFWH,7318.978
NDNEJRAPFDZ3R2HG,1525.5382
PCSEDP3UUPFTQFCU,7314.076
ACCEGH6SPZF3AHH6,4584.237
NKCEASN6ED2AZSGJ,4513.939
SCFEFTYSYX8BTZ4P,5133.985
PACEAYZANXQFKGZ3,2217.3909
RNGEDAKCZHXRBG9G,6593.081
CAGE4Y4FXXUZS4ZP,7738.09
WATE7H4UYKQP363Z,12180.304
CCVEFX5JZHYKHHHF,298.3024
CRTECN2QSBAQ24DZ,5754.1035
NKCECHX4UCYT4MYX,356.68222
WATDAZPXK8FSPGB4,11592.754
BRAEYFDEH7WZVJVG,1597.4626
PACE43HFHCYGHYFK,4082.844
SRTEGUA8AG9HYTAH,2797.9062
RTRE96W36WAJHRCF,2831.529
RAQDCNWAHJK9JNUY,756.47253
BRAE5F3KGVA8WAJH,2728.9053
WATDZ5HGDFYKXHYT,2070.184
JCKEJNEZZ2RFFJS5,5947.396
TUNEAUVH8G8ZPGYC,9115.971
SHOE44ZFTHMTAB6C,3791.424
BRAEE6YMGMKH7DCZ,7878.694
WATDGFAQBJJV2TTK,9420.977
MUGEBFGFYM5T6KNW,2608.6233
SHOEBG6ZS2YREWHD,4688.1953
PCSEAKVBBGJAZTHM,1230.6633
ACCE73VFWU9JYKEF,3140.263
CRTECUWZDJRHRFNK,2814.4583
NKCEBHGBYC9ZH3ZX,4495.6074
NKCEGMUCHG4CKEGB,5695.3755
NKCDXPZS8AZMWHZB,293.31403
CRTECN2QZFVWFX3S,5217.277
RTRDW77Y4D3QTBUG,423.93436
NKCEA4CAWGKJ5SBV,1181.7936
CNSEHF8FGDHAGGGR,6469.2993
ACCDXH5JHWBCNQQ4,3359.7861
TOPE4DS8VQC2KCD8,867.4525
BRAE7T3WRRVYQQEG,1753.1603
CRTEB774DZGQJXV8,1836.4506
BRAEGJFXWMKWGTG5,6406.233
TSHEE4WZVGVAMRAP,5767.68
CGCEEFZSURUGRCUG,2807.387
NKCE6NHRZA6ZXMTZ,5492.971
ACCE8XZMDHKTDDTY,6059.1045
TOPE954FVTRCRXUN,5140.971
TSHE4S257WYDXMMX,6916.8804
WATEHYW2GJW9SZYZ,2363.1626
RTRE2TYN2XUPCEVH,1983.4872
WLKEEXSVZWZHJEZW,10990.504
BRAECKHYDVMUMAKF,1275.0155
PBXEAT5YDFMUMHGB,950.47095
SHIEBG6FHNFZ2TFP,3399.132
SHIED3RY2QZE2EWM,3722.7068
CAPEJZVUAZAEGXZ4,4742.3076
WCKE2TFFFYHKUM68,5739.5635
NKCECJPC5HBBSFKZ,2465.1733
BRAE7NMEGDDHG3EX,1834.7072
ACCDXFPYVJCMFGET,1123.717
FSEEJVNPNZHCXNNK,1908.9197
CRTECN2QZ4NY4SSZ,4445.784
NKCDYQ3RYDG2GMZB,6207.962
SGLEJCHSWBMHVVNG,5361.823
TOPECCNVM4SN9F9C,6796.1587
NKCE74XGF3PPAZ3Q,420.52783
WATE5HFYXEJRCTHF,4867.0425
NKCE8V3ZHGGGHHDH,7599.4204
PBXE9CVJ6G5NAQFH,3506.821
CNDEGVE65UWDPCYC,4941.532
CRTECN2QV9AZBYNG,2453.7708
NKCDU4RZPGSGYY4Q,4334.105
NKCE9YFBR7ZAMBNJ,1561.0846
SNDE6W34GVRVHWQQ,11245.686
CRTECN2QZCGZSGK8,3187.6519
BBAEGFHEYYMKHFZR,3015.5466
WATEAUABHVPGRBAS,681.67267
CRTECN2QZVUWVHZZ,4795.44
ACCEGH6TMFNCMYJB,3914.8328
PBXE9WEVHF3ZBQHW,9156.601
WCKE2TFYWX9QW3YC,4837.8853
BRAEDTNZZRXBHZGZ,2234.2302
BAREGJ8B2Y3TPUWH,8238.858
SHOEJCKBGJGZQJHN,1906.789
NKCE9Z2JQGBBSMTM,3614.3975
TKPEHGWYVVXUYCFC,4930.928
CRTECN2QYGNYMVY8,4373.735
CAEE9Y64FBPZJUUH,8981.858
ACCDSY8EMKXZM8EW,8953.218
CRTECN2QUZBANWHU,6582.685
SHOEDH9AS48SSFBT,3423.4146
CRTECN2QVV8ZGNWK,4353.2544
NKCDU4RZ9HWVUHGW,9662.816
SNDEEFTGRRUZSFGJ,5002.726
NKCE8P4V9ZQCAYZN,3016.9326
NKCE76TNSYX6ZQ9Z,602.9372
CPLEHB7C7ZJGHEQU,3801.3438
SRTEGWKKQABUMGFA,5753.834
NKCE38HBTZXEXXUG,5740.2983
SHIE3QDGUEGVZJZ8,5409.9785
NKCDY8S8ZPV4YA9S,4225.3228
SHOECXPHZSFGQEZZ,8571.258
RNGE88FQ5SDTSFY7,4889.7383
NKCEAP3S6G8ZEGB6,2505.3281
JEAEHUHKEAEUXSRQ,4673.596
BRAE8WPSG4FMHFXF,1691.5306
RTRE9JEGMXHZ5RHQ,5045.4565
SHIEYSPPPDGTSGFX,5304.986
SHOECJD5WVAGAJEH,605.6107
WATEYAP3FEPWZ8MH,6974.744
DREDRCRHDXQNK4RB,5631.9067
TOPE7ZHZHT3SKKMN,5370.359
SNDEBBK5Z6KUQZZF,1258.9008
WATE2RX9HHGBUQGA,7616.5747
WATE2HX6JQGRXSEA,2388.1045
NKCEDCT9MZNZ7D8B,322.9609
SHIE8HXEEX69GA9F,3633.6685
DREDYSNRZGBFFVQ5,5242.0522
NKCEACYSTHNBFPM8,5570.3833
SUDEHYGURKV9EVVS,6481.252
BRAEDQDFPNUQGUVG,2016.5339
PBXE829GJ3ESYYMQ,3291.387
LJGE9TGNUKM2UGWC,5731.1055
MUGEBJ7XBXMRUHQC,3324.1172
BRAEB9SJMFKF39ZW,1440.6266
RNGE864HPZG96WNH,3606.2283
BBAEFYZ9HC3R7CSS,5398.2183
CRTECN2QZZHZH8H3,2272.659
NKCE49ATHBGGPBDM,2710.2144
PBXE5ZJZBKZKFUTT,9774.935
SNDEGGQ6T4W8ZGKH,12780.543
NKCEANMPQABUFANV,2966.787
CLTEHE9FNVRTJUGS,2878.7122
NKCE9PFFJHGX23NG,2041.0221
NKCE6KGHUMC3DZNK,5923.981
NKCE96SXSGHZ3GZA,158.37381
BRAEBUHTHHJDHGHE,7304.943
SNDEGFJQBJWUCSHS,8000.8306
ACCDQDYBPHVQ9EFC,8622.127
PBXE84AFH8Y5KECY,2014.2921
KHREGSDWQZKZRY3J,5313.6523
PBXECNFSCHBSHZM9,9092.316
CRTE8389ZZJS6W9E,1246.4722
CRTECN2QZFRKZPZU,3563.6174
TOPE89KYEWKHKRDZ,1925.9313
SHIEBXSH3GADDFBP,2589.8906
CRTECN2QYZ9YX3JR,4199.3945
BDSEJJ7CMKHRWVCZ,8296.963
BRAE8EHTGUTM8CX2,10373.044
BRAE3P8YRJ69HFQT,8704.376
SUDEGGATYHBGUFTF,3383.3953
NKCE9YX36WBZF9HJ,6410.5815
SUIE5GT3DSJCKEJF,1884.6328
RTRDYKU6F2GVR3CR,490.4385
ACCEGH6TEZ8CAXEH,2312.8477
SRTEGWKHGMNG3WRJ,5322.519
CRTECN2RCNAMYX2E,7418.103
ACCEGG9Z4QCZJZFJ,4462.542
BRAE4S2FYF4RN49J,1942.8718
ACCEAHRFFH3S7HFF,1302.4984
NKCE9JBQGG5PHQFM,4748.904
CRTECN2QYU4SJADV,3852.4944
NKCECQYZNVJKFMJV,11871.916
RNGDUZU5VCYXAAEM,2606.488
SUDEHYGU9BE2XETS,6958.81
PBXE5YGWHPQGBWG3,4327.49
ACCEGGAYDMUYE7SK,7325.8906
WATEHVHJHMCGW3VN,621.4475
MUGECJZ23GD5PE6C,3051.3525
PADEHZFHGHFQJAXV,5682.7925
CRTECN2R7EXGYGFZ,4669.7915
PBXEAJVRRK6MXXKH,2451.6729
PBXE9YWJHHERWPG4,5846.505
WATDFFH3PGFHHZH8,13179.291
TOPEGFXU8ZAGFGNZ,1402.1973
SHOE6ZQEB694PVM8,3932.326
ACCE8VP6PZDUEYGP,2698.1885
WATE2FAGESM5B5VZ,7089.18
BRAECC9JFBY5YSEY,4347.8516
BRAEYFDGSY9S9ZDW,4352.2705
PELEGPF7C9YZFKDM,3999.5432
ACCE93ZDRDSJD3RG,2493.9177
NKCE9YFB9BZZ8ZFF,12504.585
JWSDZCHGUTXYUGZD,9498.068
SHIE7DFNVCR8KUGP,3645.9248
NKCE9PFFXGMFX5PB,10037.781
CRTECN2RZRH6FTYZ,2030.9362
JWSEJFMHQEMPZPGK,4628.766
CAGDU9C3ZBMU4CGR,830.5895
PACE5M34GBFNK4F3,7232.86
BRAE8WYHXBEEPGDQ,3040.723
RNGED78RWSSAT7GT,9363.825
NKCECGT3EZHNNRAT,6984.2188
TMLED7GYYPZ3ZXGW,5440.681
PELEJUCGUAPQRCZX,8683.994
BRAE6ZCHHPFNBYNU,1674.89
SUDEGGATXD4BMC2G,4734.769
ACCEGG9Z5UB2JZYH,2716.2722
LJGEJQ4NA7BDGQWZ,5124.9463
JCKEJFPDVWBKHPFY,841.5469
RNGEE8ZHQ4HRM5WY,7336.5845
CRTECN2QTCW9VDKR,2704.6416
RNGE9HE7BKMCZGRV,5232.9326
CRTECN2QYYFYJFTV,2588.0193
BRADM8DWSRMPPNNX,1891.0309
SHIE7VFYJHKGMXUR,3534.3577
TOPE8ZAFC7JSV7QX,4060.6746
VANEGQCWZYFZ3EYJ,7087.7847
TOPEYY5YK3WEGGXX,3930.8674
MNGEJPST4MZDZCHT,2531.655
PYJEJMHJNXJ6NGKC,9665.288
PADEHZFHCNQGWNNS,4027.7468
CRTECN2QTWDYRKGW,2764.1033
JWSDSCB7SN9AYB4B,8405.535
RNGEAM4ZFGWHWMYZ,4447.647
TOPEBRYGRZFGPMHP,2407.128
GLSEHEHZAZEJMRVF,6264.4097
ACCDYAGVFPSCPQUY,6173.3726
NKCEAJP6DGFV8AEZ,11203.246
CAGE7CJVGGHQYZDQ,223.88158
SNDEBYH3ZR33KSAG,6940.9126
RTRDK7TWJB6RCNP9,4543.3496
RTRE38HF433WXQJD,3433.8215
SNDEDG6HNGZDZXBV,1845.0569
BRAEDT7STGZCKHEB,5991.7817
ACCE6RHG47DESW3Q,1135.7017
CSPEGMVJJDYAYQYG,4810.614
NKCE2NKZT6GSFFV5,2994.9678
ACCEGG9UN8H6EHGA,2079.848
WATEBJ37KBB3SEBR,3878.052
CRTECN2QSGCA6CSF,2541.2197
SNDEHZPDSQZYASGW,4768.4062
CAGEYUXVHFYNCAYD,7207.2954
PCSE69MFRZSMYVRH,2532.0144
SNDEHZPDZMNZGHEQ,3386.085
MUGEAGGKQMGVUVJT,2292.0708
SHOE3S9BGUAGYE5X,4811.2505
MUGEAGGKHU2G6PT8,3385.0876
SHOEBG79YJZD9C33,2349.122
GKEE5ZZ34VYKVZEK,6883.5103
ECIEF6JYYJ4PHJ3Q,5895.053
TROEGNRFM8FCZHHM,2338.9805
SHTEYSPQAB9KAUVG,1011.0254
TWCEJFXH4EU2JZYG,9485.073
WATE6S3AMDGT5PVG,3128.6572
MTYEJJAQYHCNKYZZ,5549.6133
NKCE845VFGMPFFMT,9562.748
BRAE3WVQSRGWGHZV,7942.7144
ACCEKFVWTGZXG5XK,5734.7114
BRAEE6YMKFPSHPY3,1987.9095
RNGE7M92FZVK8YWH,6848.9497
BRAEBBMQWZYHZFGE,1687.1919
ACCEGZ66ATHMFPJV,765.2159
NKCE7UEX7BGCCZUY,5209.739
CAGE5H7JE9G72SHT,8179.6187
TMLECXEQGAQXQKDG,5080.796
NKCECZFZY9YTKGTW,6370.298
SHIECFNXZ7W9GVYZ,4493.256
MUGEAGGKZEFKTZ8U,4058.6345
SHOEFECFFYBYP9QR,4423.6104
GLSEHB7RQJFVT6GS,1190.8579
NKCEASCZU8K6XDGF,1262.0892
LFHDBF4BY3PS66NG,5004.9595
TOPE8E8NZP256K8G,4848.9355
SNDE8SSKSSARAXHJ,7834.272
CRTECN2QXHGGKHWV,3701.4868
JEAE9PP49AH6PQCW,4418.814
PCSE94FSG87ETQY2,1890.4132
NKCEANMPNFSQ2K6X,4773.696
PCSECV3FTHYGHHHF,1274.161
GRKEG679TVS7CSPA,4759.0757
TOPE7T5FMBVW9EFY,11221.387
SHOECXZEHUBBZYJV,5283.2275
CCVEFV4RRNH9FAHH,3417.651
PCSDYQEVCWZSZH8V,10576.793
BRAE3TSHUSJJYKM7,1679.402
PADEHZFHMTEUP8YG,4264.2983
NKCE6UWHWNCNCFQF,3319.3079
MUGE6S9YXRP8MRQC,3825.0676
WATECKYCCMXUQQMS,6144.841
SHOEJNY2X4CUEGTM,5518.6016
PCSEAKVBCZWH8HDS,9423.953
NKCDV9SXP4JGZDKK,2249.142
BDSEJTHNGWVGWWQU,2625.878
BRAEYPGFGBRMAEZA,6997.2964
NKCE8RB5WMWAWNHJ,3497.37
BRAECKHZRU4RZKQH,6665.5186
HRCEHF2CDHYWPFVN,5554.3735
WATE8PBFJDAEDYFQ,7353.6226
TOPE8QNKRJHBNWNV,5021.984
PBXEAJVRSJFJ2APN,3662.9094
SUDEHYGUFAGB4NYH,5590.35
JEAEGGDJGFGQXEKV,5217.7705
SHTEDCZWPM7F8GAM,4069.3003
WATE3NWHWKVDFSDN,1924.1616
ACCECHF4VZYHA4XZ,4785.0557
PTPDVPEXSANDVSJQ,4291.9053
JEAEGHQYYGDYDBWY,1804.943
BRAEDSKCYE7BNKZ4,6146.6357
VLBEHHWFMGCMEM4K,1785.4681
TOPEHXA27XJFNSGV,2130.1382
ACCEGH6SEMYHF34Y,4681.1533
RNGE7M922VGFBDGG,4686.381
CRTECN2QZ4XUY84U,466.33093
ACBECFGTYJ3E8VHE,5281.4556
NKCE38HBJCPPYWKH,910.1009
BRAE7SQFKFNVCTB9,7487.401
TOPDW7AQKZZHFCZF,4759.308
SHIE9YDH4WHHEXZH,5822.2236
DRPEHYHMEUCSYGKA,4508.869
RNGEHFDYGPHZ3HGA,2947.9768
SHOEJVGTSYMHYFBX,3891.1064
ACCEJGH5QTFVXQZT,5435.2593
SHTEJT4D7Y9NTWYZ,1905.8557
TOPEHZPAPFNFEHBG,628.0426
NKCE52CSJEGXP6FR,531.61414
PELEJUCGBEHUGMZF,10677.086
BRAEAREZG4Z6ZFK9,4411.474
TOPEHTU4FN9KEAHJ,5364.5303
PCSE4FKC73GEKW7W,2968.7898
CLTEGMYW2RWRDH5X,6028.2896
ACCEGH6SF89RGZQD,3903.7854
NKCEANMPGJAZ7BHE,4519.351
CRTEA7HAXMYFVGXX,2926.882
NKCDU4RZQRXJH4JF,1279.1152
MUGEACY8QGADG5VG,5646.7925
PBXEAXGWYNVUUQVY,3151.7659
CRTECN2QVE4KYGWY,2888.5227
NSTEJHERS3AKXUCW,4423.4473
SHIEC8ASQEPSK7FZ,286.57626
RTRD8FNG6FUTFZQJ,2630.916
ACCDXFPFEDJCKQJ3,11463.211
BALEGFXZGSRGJKJY,2826.7144
TOPEBQGGJ2C7Y7HZ,5965.5386
CAGE6FZSZXFKQHZP,896.9873
TKPEGFWWV9K7PMMD,8327.564
RPEEGGDJN5D8HFRM,4379.915
NKCE6TNZ9YGRGVNF,11258.1455
CRTECN2QSGWBHY9F,7372.2974
ACCEAHRFCDZHX2CG,9798.281
BRAE75HSN6B5RA9V,7023.3228
TOPE8N3BAE7QWZFY,1340.799
WSCEFE4RZ8FRPQTD,4388.0776
MUGEGWT5RGJJHSGN,5476.246
MUGEBJ7XHH5AVZV7,3635.3945
PCSEC86VAFUTHBPX,10027.986
CRTECN2QUTDWFYGA,2436.6763
NKCE9PFFYZYCKJFB,4894.0054
RNGE864HRQRATXWQ,4443.7744
WATE3GEY74QU9T35,1913.9176
WATE9MVXX3DZ5UKD,4156.2505
MUGEBFGFYWQRWYDN,2558.894
TOPE9KJEYHXXNBGC,2593.9934
TOPECMKVPCH2ZZTY,4946.7266
SGLEGBV8VGCMH77F,4461.9976
WATDKB7JW7USDVZ6,2548.546
TLPEHAKFGFC9QPM4,5621.0693
JUMEBKQJUZHCZHHM,2559.44
JWSEEBEEHKG4ZGRG,8683.013
CRTECN2QSUHUEZZD,3731.134
RNGE7M92NZGZSZJQ,4385.6567
TOPE593EQJA4WW4Z,5256.4937
BRAEDGM2YE58PGPV,3628.7756
PBXEANB7QGWSP25F,1633.5652
BRAEE6YMKGHQ4C4K,3436.0725
TOPDYMSXBMBWVAS4,8445.675
MATEHFNMZVV9HYUV,11479.158
KRTEFG6MGMW4FQXF,825.1676
SNDEE34XM8XB6ZEX,1080.0303
TOPE6HZUKGTFPUFP,6423.806
TOPE954FF9KJSZZN,4333.2124
NKCECGVAZYG6SF5S,433.49814
PBXE4Q7YBMXJ53ZG,2284.5332
ACCEGXDJMWKWYHPP,4475.8833
PCSE6X3Y2HSTHBDW,7131.5283
SHIEBZB4U7BKYJTU,3489.2456
NKCEAFC847CUEYZX,1599.6588
CAGE9JEFFUQQNQHW,11317.516
TSHE8Z4HYFUWCVYB,7519.4546
NKCDU4RZURUGSZZ6,3883.901
SHIEFFFPMFH8SZZM,4207.264
DIAEJ6Z8BEDTGGYY,4231.516
RNGEDAK9ZZR8MGY4,6398.515
SNDEHZQ7BSZZJRDT,4975.383
NKCEAP3S6TDGRDVY,11047.993
MUGE8DTSSBPHDZWA,2422.187
SNDEARQ3EKZNNP4M,12820.452
ACCEGKTTMBKZT7JR,2089.4282
NKCEAVZ3QEWNHQNR,6099.0327
SHTEJRCHC5KESPYX,3245.0125
BBAEJK8Z5UD97GTP,2875.1187
PCSEDUT3FS8UTKJQ,7403.5327
BRAE3Y4ZZZJHJVHV,8702.8125
PTYEDMT4FRUDXZCP,3231.5017
PCSEAH5WZNWYJE8M,8605.089
BRAEEG6TFTNVFCRM,2615.175
PACEFVZZ2R8ZE5ZH,3445.503
TOPDU2HZGVTAAQJW,4703.1133
BRAEBBMQY4T7DFH6,2442.3796
TSHEHU5RXEVXH3P7,5524.137
WATECSW5VZSZETGS,4290.0156
SGLEGBV7K2MGEGRB,7677.1865
WATDP5NHENJGYYXF,6679.1147
SUDEHYGUYBE5KGMW,4620.4277
RTRDQZ8Z72FRMKGX,205.53015
SHIEAVW5MYGJ4BRR,646.22455
ACCDXH5JXWABF7GH,3978.8335
TOPE8TQDQDHZZY9S,5051.427
BRAE3TSHXZFRYAZQ,5539.023
ACCDXFAGYWTHWYGT,1048.3955
SWSEBGYUPTH7GSHE,6788.2896
DREE9QSVADZEKNJS,4742.054
PBXE5CFUTETHWRZH,1861.0055
SHIED78RWUCDPFRH,5949.1895
NKCE69P8PC5VR7NY,3946.343
WATEHYHNCANKP5VZ,6625.5283
NKCE7PZPRZFYKW3M,3744.8384
CHUEF7C3NGW54VJJ,4213.7007
NKCE9Q93CUEMGS46,5190.146
RTRE2V3Y6FWVHDW5,3482.453
BRAEE4UZZVMJUGE3,1848.1067
SHIE7G263EDTSDU5,4603.4795
BRAE3TSHRTGMZA44,8054.807
TOPEHWDGQD9NR6QD,2119.3345
NKCEFMZUJEWN3HXY,2184.548
CBKEHJUH7WPZEEGK,6335.988
CRTECN2QXZUFSGHZ,5354.704
SWSEBHCPAKWKRDPR,9047.318
ACCEAMGZGAQWYYMV,3882.1587
CRTECN2QZGUQPR93,3958.1956
SHOEJBSZ8FS9SNJR,462.38156
BRAE6ZCHV2ZAA9US,3180.4983
SUDEGGB28WWTGFUY,6768.7075
ACCEAHRFFKPGUGGX,4785.781
BRAEBBMQZDMZAEBV,1395.4298
NKCED6EXXSFZGQP8,292.32645
SHTECN9HFVZYP2V9,3522.3342
RTREAX3DGDRSSYFT,1813.5277
RNGE65FGK2TMUC2A,9252.83
ACCEGZ8EWQ7RMZTZ,7390.0737
BRAE4DHZEAPXQVRG,2094.5227
CAGECHKFAMZCKPFT,198.60854
PCSE6SJG9SMAGGHY,3875.6633
SNDE25SG2HRJF9JH,1518.7688
NKCEAVZ3FCDEUZHG,5285.724
ACCEG7AG8EUZRRZY,6356.615
SHOECH3WZHFCVZWU,4101.1606
TOPEAKYKZKRHPMHX,3724.466
NDNEJRAZNQBZQWQK,11309.665
MUGEBFGFDQYJG5TW,5871.119
BBAE9K7BXFUTDNBK,4018.4333
RTRDYPA4PJHCJCGF,10084.185
TUNE8FWQBS7TVVT7,5979.504
NKCEGMUABCRGUZPE,3536.1746
RNGE7M92KAQWUBCS,1115.9718
